==> Nextflow environment directory:
    /scratch/users/k25053715/MSc_research/0_project_env/nextflow_env
==> Java will be installed here:
    /scratch/users/k25053715/MSc_research/0_project_env/nextflow_env/jdk
==> Downloading JDK 17 (183MB, please wait...)
--2026-04-22 14:54:58--  https://github.com/adoptium/temurin17-binaries/releases/download/jdk-17.0.16%2B8/OpenJDK17U-jdk_x64_linux_hotspot_17.0.16_8.tar.gz
Resolving github.com (github.com)... 20.26.156.215
Connecting to github.com (github.com)|20.26.156.215|:443... connected.
HTTP request sent, awaiting response... 302 Found
Location: https://release-assets.githubusercontent.com/github-production-release-asset/372925194/8adf8a67-422c-4c42-b977-dd00bf0c6d27?sp=r&sv=2018-11-09&sr=b&spr=https&se=2026-04-22T14%3A35%3A57Z&rscd=attachment%3B+filename%3DOpenJDK17U-jdk_x64_linux_hotspot_17.0.16_8.tar.gz&rsct=application%2Foctet-stream&skoid=96c2d410-5711-43a1-aedd-ab1947aa7ab0&sktid=398a6654-997b-47e9-b12b-9515b896b4de&skt=2026-04-22T13%3A35%3A42Z&ske=2026-04-22T14%3A35%3A57Z&sks=b&skv=2018-11-09&sig=SbERnqrSRyYFq5kPvnHsamBoHVzwsZxXsnZLBCyK0us%3D&jwt=eyJ0eXAiOiJKV1QiLCJhbGciOiJIUzI1NiJ9.eyJpc3MiOiJnaXRodWIuY29tIiwiYXVkIjoicmVsZWFzZS1hc3NldHMuZ2l0aHVidXNlcmNvbnRlbnQuY29tIiwia2V5Ijoia2V5MSIsImV4cCI6MTc3Njg2OTY5OCwibmJmIjoxNzc2ODY2MDk4LCJwYXRoIjoicmVsZWFzZWFzc2V0cHJvZHVjdGlvbi5ibG9iLmNvcmUud2luZG93cy5uZXQifQ.ZQarURUsLm7VP6g54OXGgy65rAkWCQDxhJBeAOtU1d0&response-content-disposition=attachment%3B%20filename%3DOpenJDK17U-jdk_x64_linux_hotspot_17.0.16_8.tar.gz&response-content-type=application%2Foctet-stream [following]
--2026-04-22 14:54:58--  https://release-assets.githubusercontent.com/github-production-release-asset/372925194/8adf8a67-422c-4c42-b977-dd00bf0c6d27?sp=r&sv=2018-11-09&sr=b&spr=https&se=2026-04-22T14%3A35%3A57Z&rscd=attachment%3B+filename%3DOpenJDK17U-jdk_x64_linux_hotspot_17.0.16_8.tar.gz&rsct=application%2Foctet-stream&skoid=96c2d410-5711-43a1-aedd-ab1947aa7ab0&sktid=398a6654-997b-47e9-b12b-9515b896b4de&skt=2026-04-22T13%3A35%3A42Z&ske=2026-04-22T14%3A35%3A57Z&sks=b&skv=2018-11-09&sig=SbERnqrSRyYFq5kPvnHsamBoHVzwsZxXsnZLBCyK0us%3D&jwt=eyJ0eXAiOiJKV1QiLCJhbGciOiJIUzI1NiJ9.eyJpc3MiOiJnaXRodWIuY29tIiwiYXVkIjoicmVsZWFzZS1hc3NldHMuZ2l0aHVidXNlcmNvbnRlbnQuY29tIiwia2V5Ijoia2V5MSIsImV4cCI6MTc3Njg2OTY5OCwibmJmIjoxNzc2ODY2MDk4LCJwYXRoIjoicmVsZWFzZWFzc2V0cHJvZHVjdGlvbi5ibG9iLmNvcmUud2luZG93cy5uZXQifQ.ZQarURUsLm7VP6g54OXGgy65rAkWCQDxhJBeAOtU1d0&response-content-disposition=attachment%3B%20filename%3DOpenJDK17U-jdk_x64_linux_hotspot_17.0.16_8.tar.gz&response-content-type=application%2Foctet-stream
Resolving release-assets.githubusercontent.com (release-assets.githubusercontent.com)... 185.199.110.133, 185.199.108.133, 185.199.111.133, ...
Connecting to release-assets.githubusercontent.com (release-assets.githubusercontent.com)|185.199.110.133|:443... connected.
HTTP request sent, awaiting response... 200 OK
Length: 192062472 (183M) [application/octet-stream]
Saving to: ‘/scratch/users/k25053715/MSc_research/0_project_env/nextflow_env/OpenJDK17U-jdk_x64_linux_hotspot_17.0.16_8.tar.gz’

     0K .......... .......... .......... .......... ..........  0% 40.5M 5s
    50K .......... .......... .......... .......... ..........  0% 28.3M 5s
   100K .......... .......... .......... .......... ..........  0% 61.1M 5s
   150K .......... .......... .......... .......... ..........  0% 43.7M 5s
   200K .......... .......... .......... .......... ..........  0% 93.5M 4s
   250K .......... .......... .......... .......... ..........  0%  112M 4s
   300K .......... .......... .......... .......... ..........  0%  110M 3s
   350K .......... .......... .......... .......... ..........  0%  142M 3s
   400K .......... .......... .......... .......... ..........  0% 95.7M 3s
   450K .......... .......... .......... .......... ..........  0%  132M 3s
   500K .......... .......... .......... .......... ..........  0%  108M 3s
   550K .......... .......... .......... .......... ..........  0%  140M 3s
   600K .......... .......... .......... .......... ..........  0%  130M 2s
   650K .......... .......... .......... .......... ..........  0%  139M 2s
   700K .......... .......... .......... .......... ..........  0%  111M 2s
   750K .......... .......... .......... .......... ..........  0%  125M 2s
   800K .......... .......... .......... .......... ..........  0%  132M 2s
   850K .......... .......... .......... .......... ..........  0%  139M 2s
   900K .......... .......... .......... .......... ..........  0%  118M 2s
   950K .......... .......... .......... .......... ..........  0%  133M 2s
  1000K .......... .......... .......... .......... ..........  0%  120M 2s
  1050K .......... .......... .......... .......... ..........  0%  139M 2s
  1100K .......... .......... .......... .......... ..........  0%  115M 2s
  1150K .......... .......... .......... .......... ..........  0%  137M 2s
  1200K .......... .......... .......... .......... ..........  0%  134M 2s
  1250K .......... .......... .......... .......... ..........  0%  138M 2s
  1300K .......... .......... .......... .......... ..........  0%  124M 2s
  1350K .......... .......... .......... .......... ..........  0%  126M 2s
  1400K .......... .......... .......... .......... ..........  0%  132M 2s
  1450K .......... .......... .......... .......... ..........  0%  137M 2s
  1500K .......... .......... .......... .......... ..........  0%  116M 2s
  1550K .......... .......... .......... .......... ..........  0%  128M 2s
  1600K .......... .......... .......... .......... ..........  0%  135M 2s
  1650K .......... .......... .......... .......... ..........  0%  130M 2s
  1700K .......... .......... .......... .......... ..........  0%  125M 2s
  1750K .......... .......... .......... .......... ..........  0%  135M 2s
  1800K .......... .......... .......... .......... ..........  0%  134M 2s
  1850K .......... .......... .......... .......... ..........  1%  142M 2s
  1900K .......... .......... .......... .......... ..........  1%  112M 2s
  1950K .......... .......... .......... .......... ..........  1%  128M 2s
  2000K .......... .......... .......... .......... ..........  1%  113M 2s
  2050K .......... .......... .......... .......... ..........  1%  104M 2s
  2100K .......... .......... .......... .......... ..........  1%  117M 2s
  2150K .......... .......... .......... .......... ..........  1%  135M 2s
  2200K .......... .......... .......... .......... ..........  1%  129M 2s
  2250K .......... .......... .......... .......... ..........  1%  142M 2s
  2300K .......... .......... .......... .......... ..........  1%  116M 2s
  2350K .......... .......... .......... .......... ..........  1%  122M 2s
  2400K .......... .......... .......... .......... ..........  1%  128M 2s
  2450K .......... .......... .......... .......... ..........  1%  134M 2s
  2500K .......... .......... .......... .......... ..........  1%  128M 2s
  2550K .......... .......... .......... .......... ..........  1%  135M 2s
  2600K .......... .......... .......... .......... ..........  1%  131M 2s
  2650K .......... .......... .......... .......... ..........  1%  138M 2s
  2700K .......... .......... .......... .......... ..........  1%  111M 2s
  2750K .......... .......... .......... .......... ..........  1%  134M 2s
  2800K .......... .......... .......... .......... ..........  1%  127M 2s
  2850K .......... .......... .......... .......... ..........  1%  122M 2s
  2900K .......... .......... .......... .......... ..........  1%  124M 2s
  2950K .......... .......... .......... .......... ..........  1%  134M 2s
  3000K .......... .......... .......... .......... ..........  1%  137M 2s
  3050K .......... .......... .......... .......... ..........  1%  139M 2s
  3100K .......... .......... .......... .......... ..........  1%  108M 2s
  3150K .......... .......... .......... .......... ..........  1%  140M 2s
  3200K .......... .......... .......... .......... ..........  1%  134M 2s
  3250K .......... .......... .......... .......... ..........  1%  131M 2s
  3300K .......... .......... .......... .......... ..........  1%  124M 2s
  3350K .......... .......... .......... .......... ..........  1%  126M 2s
  3400K .......... .......... .......... .......... ..........  1%  137M 2s
  3450K .......... .......... .......... .......... ..........  1%  125M 2s
  3500K .......... .......... .......... .......... ..........  1%  110M 2s
  3550K .......... .......... .......... .......... ..........  1%  134M 2s
  3600K .......... .......... .......... .......... ..........  1%  135M 2s
  3650K .......... .......... .......... .......... ..........  1%  128M 2s
  3700K .......... .......... .......... .......... ..........  1%  125M 2s
  3750K .......... .......... .......... .......... ..........  2%  137M 2s
  3800K .......... .......... .......... .......... ..........  2%  131M 2s
  3850K .......... .......... .......... .......... ..........  2%  134M 2s
  3900K .......... .......... .......... .......... ..........  2%  111M 2s
  3950K .......... .......... .......... .......... ..........  2%  138M 2s
  4000K .......... .......... .......... .......... ..........  2%  120M 2s
  4050K .......... .......... .......... .......... ..........  2%  137M 2s
  4100K .......... .......... .......... .......... ..........  2%  130M 2s
  4150K .......... .......... .......... .......... ..........  2%  124M 2s
  4200K .......... .......... .......... .......... ..........  2%  139M 2s
  4250K .......... .......... .......... .......... ..........  2%  138M 2s
  4300K .......... .......... .......... .......... ..........  2%  110M 2s
  4350K .......... .......... .......... .......... ..........  2%  140M 2s
  4400K .......... .......... .......... .......... ..........  2%  131M 2s
  4450K .......... .......... .......... .......... ..........  2%  129M 2s
  4500K .......... .......... .......... .......... ..........  2%  124M 2s
  4550K .......... .......... .......... .......... ..........  2%  130M 2s
  4600K .......... .......... .......... .......... ..........  2%  142M 2s
  4650K .......... .......... .......... .......... ..........  2%  136M 2s
  4700K .......... .......... .......... .......... ..........  2%  107M 2s
  4750K .......... .......... .......... .......... ..........  2%  139M 2s
  4800K .......... .......... .......... .......... ..........  2%  135M 2s
  4850K .......... .......... .......... .......... ..........  2%  143M 2s
  4900K .......... .......... .......... .......... ..........  2%  121M 2s
  4950K .......... .......... .......... .......... ..........  2%  132M 2s
  5000K .......... .......... .......... .......... ..........  2%  117M 2s
  5050K .......... .......... .......... .......... ..........  2%  125M 2s
  5100K .......... .......... .......... .......... ..........  2% 92.8M 2s
  5150K .......... .......... .......... .......... ..........  2%  141M 2s
  5200K .......... .......... .......... .......... ..........  2%  127M 2s
  5250K .......... .......... .......... .......... ..........  2%  124M 2s
  5300K .......... .......... .......... .......... ..........  2%  120M 2s
  5350K .......... .......... .......... .......... ..........  2%  130M 2s
  5400K .......... .......... .......... .......... ..........  2%  129M 2s
  5450K .......... .......... .......... .......... ..........  2%  136M 2s
  5500K .......... .......... .......... .......... ..........  2%  112M 2s
  5550K .......... .......... .......... .......... ..........  2%  133M 2s
  5600K .......... .......... .......... .......... ..........  3%  129M 2s
  5650K .......... .......... .......... .......... ..........  3%  139M 2s
  5700K .......... .......... .......... .......... ..........  3%  118M 2s
  5750K .......... .......... .......... .......... ..........  3%  127M 2s
  5800K .......... .......... .......... .......... ..........  3%  136M 2s
  5850K .......... .......... .......... .......... ..........  3%  125M 2s
  5900K .......... .......... .......... .......... ..........  3%  117M 2s
  5950K .......... .......... .......... .......... ..........  3%  121M 2s
  6000K .......... .......... .......... .......... ..........  3%  132M 2s
  6050K .......... .......... .......... .......... ..........  3%  133M 2s
  6100K .......... .......... .......... .......... ..........  3%  117M 2s
  6150K .......... .......... .......... .......... ..........  3%  129M 1s
  6200K .......... .......... .......... .......... ..........  3%  129M 1s
  6250K .......... .......... .......... .......... ..........  3% 90.6M 2s
  6300K .......... .......... .......... .......... ..........  3%  113M 2s
  6350K .......... .......... .......... .......... ..........  3% 88.7M 2s
  6400K .......... .......... .......... .......... ..........  3%  137M 2s
  6450K .......... .......... .......... .......... ..........  3%  137M 2s
  6500K .......... .......... .......... .......... ..........  3%  128M 1s
  6550K .......... .......... .......... .......... ..........  3%  133M 1s
  6600K .......... .......... .......... .......... ..........  3%  141M 1s
  6650K .......... .......... .......... .......... ..........  3%  133M 1s
  6700K .......... .......... .......... .......... ..........  3%  113M 1s
  6750K .......... .......... .......... .......... ..........  3%  138M 1s
  6800K .......... .......... .......... .......... ..........  3%  131M 1s
  6850K .......... .......... .......... .......... ..........  3%  132M 1s
  6900K .......... .......... .......... .......... ..........  3%  124M 1s
  6950K .......... .......... .......... .......... ..........  3%  130M 1s
  7000K .......... .......... .......... .......... ..........  3%  131M 1s
  7050K .......... .......... .......... .......... ..........  3%  124M 1s
  7100K .......... .......... .......... .......... ..........  3%  116M 1s
  7150K .......... .......... .......... .......... ..........  3%  150M 1s
  7200K .......... .......... .......... .......... ..........  3%  155M 1s
  7250K .......... .......... .......... .......... ..........  3%  149M 1s
  7300K .......... .......... .......... .......... ..........  3%  140M 1s
  7350K .......... .......... .......... .......... ..........  3%  153M 1s
  7400K .......... .......... .......... .......... ..........  3%  143M 1s
  7450K .......... .......... .......... .......... ..........  3%  143M 1s
  7500K .......... .......... .......... .......... ..........  4%  127M 1s
  7550K .......... .......... .......... .......... ..........  4%  135M 1s
  7600K .......... .......... .......... .......... ..........  4%  148M 1s
  7650K .......... .......... .......... .......... ..........  4%  153M 1s
  7700K .......... .......... .......... .......... ..........  4%  134M 1s
  7750K .......... .......... .......... .......... ..........  4%  149M 1s
  7800K .......... .......... .......... .......... ..........  4%  143M 1s
  7850K .......... .......... .......... .......... ..........  4%  142M 1s
  7900K .......... .......... .......... .......... ..........  4%  124M 1s
  7950K .......... .......... .......... .......... ..........  4%  151M 1s
  8000K .......... .......... .......... .......... ..........  4%  158M 1s
  8050K .......... .......... .......... .......... ..........  4%  125M 1s
  8100K .......... .......... .......... .......... ..........  4%  130M 1s
  8150K .......... .......... .......... .......... ..........  4%  156M 1s
  8200K .......... .......... .......... .......... ..........  4%  152M 1s
  8250K .......... .......... .......... .......... ..........  4%  146M 1s
  8300K .......... .......... .......... .......... ..........  4%  134M 1s
  8350K .......... .......... .......... .......... ..........  4%  151M 1s
  8400K .......... .......... .......... .......... ..........  4%  156M 1s
  8450K .......... .......... .......... .......... ..........  4%  158M 1s
  8500K .......... .......... .......... .......... ..........  4%  140M 1s
  8550K .......... .......... .......... .......... ..........  4%  152M 1s
  8600K .......... .......... .......... .......... ..........  4%  147M 1s
  8650K .......... .......... .......... .......... ..........  4%  154M 1s
  8700K .......... .......... .......... .......... ..........  4% 97.9M 1s
  8750K .......... .......... .......... .......... ..........  4%  154M 1s
  8800K .......... .......... .......... .......... ..........  4%  157M 1s
  8850K .......... .......... .......... .......... ..........  4%  148M 1s
  8900K .......... .......... .......... .......... ..........  4%  140M 1s
  8950K .......... .......... .......... .......... ..........  4%  145M 1s
  9000K .......... .......... .......... .......... ..........  4%  148M 1s
  9050K .......... .......... .......... .......... ..........  4%  154M 1s
  9100K .......... .......... .......... .......... ..........  4%  129M 1s
  9150K .......... .......... .......... .......... ..........  4%  152M 1s
  9200K .......... .......... .......... .......... ..........  4%  144M 1s
  9250K .......... .......... .......... .......... ..........  4%  161M 1s
  9300K .......... .......... .......... .......... ..........  4%  137M 1s
  9350K .......... .......... .......... .......... ..........  5%  155M 1s
  9400K .......... .......... .......... .......... ..........  5%  159M 1s
  9450K .......... .......... .......... .......... ..........  5%  186M 1s
  9500K .......... .......... .......... .......... ..........  5%  231M 1s
  9550K .......... .......... .......... .......... ..........  5%  285M 1s
  9600K .......... .......... .......... .......... ..........  5%  262M 1s
  9650K .......... .......... .......... .......... ..........  5%  282M 1s
  9700K .......... .......... .......... .......... ..........  5%  251M 1s
  9750K .......... .......... .......... .......... ..........  5%  258M 1s
  9800K .......... .......... .......... .......... ..........  5%  279M 1s
  9850K .......... .......... .......... .......... ..........  5%  290M 1s
  9900K .......... .......... .......... .......... ..........  5%  242M 1s
  9950K .......... .......... .......... .......... ..........  5%  291M 1s
 10000K .......... .......... .......... .......... ..........  5%  239M 1s
 10050K .......... .......... .......... .......... ..........  5%  236M 1s
 10100K .......... .......... .......... .......... ..........  5%  264M 1s
 10150K .......... .......... .......... .......... ..........  5%  281M 1s
 10200K .......... .......... .......... .......... ..........  5%  746K 2s
 10250K .......... .......... .......... .......... ..........  5% 90.9M 2s
 10300K .......... .......... .......... .......... ..........  5%  238M 2s
 10350K .......... .......... .......... .......... ..........  5%  138M 2s
 10400K .......... .......... .......... .......... ..........  5%  150M 2s
 10450K .......... .......... .......... .......... ..........  5%  104M 2s
 10500K .......... .......... .......... .......... ..........  5%  124M 2s
 10550K .......... .......... .......... .......... ..........  5%  125M 2s
 10600K .......... .......... .......... .......... ..........  5%  138M 2s
 10650K .......... .......... .......... .......... ..........  5%  128M 2s
 10700K .......... .......... .......... .......... ..........  5%  115M 2s
 10750K .......... .......... .......... .......... ..........  5%  130M 2s
 10800K .......... .......... .......... .......... ..........  5%  126M 2s
 10850K .......... .......... .......... .......... ..........  5%  137M 2s
 10900K .......... .......... .......... .......... ..........  5%  121M 2s
 10950K .......... .......... .......... .......... ..........  5%  124M 2s
 11000K .......... .......... .......... .......... ..........  5%  141M 2s
 11050K .......... .......... .......... .......... ..........  5% 94.5M 2s
 11100K .......... .......... .......... .......... ..........  5%  116M 2s
 11150K .......... .......... .......... .......... ..........  5%  136M 2s
 11200K .......... .......... .......... .......... ..........  5%  129M 2s
 11250K .......... .......... .......... .......... ..........  6%  133M 2s
 11300K .......... .......... .......... .......... ..........  6%  120M 2s
 11350K .......... .......... .......... .......... ..........  6% 85.7M 2s
 11400K .......... .......... .......... .......... ..........  6%  128M 2s
 11450K .......... .......... .......... .......... ..........  6%  133M 2s
 11500K .......... .......... .......... .......... ..........  6%  104M 2s
 11550K .......... .......... .......... .......... ..........  6%  132M 2s
 11600K .......... .......... .......... .......... ..........  6%  137M 2s
 11650K .......... .......... .......... .......... ..........  6%  133M 2s
 11700K .......... .......... .......... .......... ..........  6%  121M 2s
 11750K .......... .......... .......... .......... ..........  6%  132M 2s
 11800K .......... .......... .......... .......... ..........  6%  126M 2s
 11850K .......... .......... .......... .......... ..........  6%  133M 2s
 11900K .......... .......... .......... .......... ..........  6%  107M 2s
 11950K .......... .......... .......... .......... ..........  6%  143M 2s
 12000K .......... .......... .......... .......... ..........  6%  137M 2s
 12050K .......... .......... .......... .......... ..........  6%  125M 2s
 12100K .......... .......... .......... .......... ..........  6%  125M 2s
 12150K .......... .......... .......... .......... ..........  6%  138M 2s
 12200K .......... .......... .......... .......... ..........  6%  130M 2s
 12250K .......... .......... .......... .......... ..........  6%  128M 2s
 12300K .......... .......... .......... .......... ..........  6%  108M 2s
 12350K .......... .......... .......... .......... ..........  6%  137M 2s
 12400K .......... .......... .......... .......... ..........  6%  137M 2s
 12450K .......... .......... .......... .......... ..........  6%  133M 2s
 12500K .......... .......... .......... .......... ..........  6%  122M 2s
 12550K .......... .......... .......... .......... ..........  6%  136M 2s
 12600K .......... .......... .......... .......... ..........  6%  128M 2s
 12650K .......... .......... .......... .......... ..........  6%  139M 2s
 12700K .......... .......... .......... .......... ..........  6%  116M 2s
 12750K .......... .......... .......... .......... ..........  6%  132M 2s
 12800K .......... .......... .......... .......... ..........  6%  135M 2s
 12850K .......... .......... .......... .......... ..........  6%  128M 2s
 12900K .......... .......... .......... .......... ..........  6%  122M 2s
 12950K .......... .......... .......... .......... ..........  6%  127M 2s
 13000K .......... .......... .......... .......... ..........  6%  129M 2s
 13050K .......... .......... .......... .......... ..........  6% 96.8M 2s
 13100K .......... .......... .......... .......... ..........  7%  109M 2s
 13150K .......... .......... .......... .......... ..........  7%  141M 2s
 13200K .......... .......... .......... .......... ..........  7%  130M 2s
 13250K .......... .......... .......... .......... ..........  7%  138M 2s
 13300K .......... .......... .......... .......... ..........  7%  123M 2s
 13350K .......... .......... .......... .......... ..........  7%  124M 2s
 13400K .......... .......... .......... .......... ..........  7%  136M 2s
 13450K .......... .......... .......... .......... ..........  7%  136M 2s
 13500K .......... .......... .......... .......... ..........  7%  113M 2s
 13550K .......... .......... .......... .......... ..........  7%  134M 2s
 13600K .......... .......... .......... .......... ..........  7%  132M 2s
 13650K .......... .......... .......... .......... ..........  7%  135M 2s
 13700K .......... .......... .......... .......... ..........  7%  124M 2s
 13750K .......... .......... .......... .......... ..........  7%  124M 2s
 13800K .......... .......... .......... .......... ..........  7%  135M 2s
 13850K .......... .......... .......... .......... ..........  7%  143M 2s
 13900K .......... .......... .......... .......... ..........  7%  110M 2s
 13950K .......... .......... .......... .......... ..........  7%  138M 2s
 14000K .......... .......... .......... .......... ..........  7%  131M 2s
 14050K .......... .......... .......... .......... ..........  7%  136M 2s
 14100K .......... .......... .......... .......... ..........  7%  126M 2s
 14150K .......... .......... .......... .......... ..........  7%  129M 2s
 14200K .......... .......... .......... .......... ..........  7%  135M 2s
 14250K .......... .......... .......... .......... ..........  7%  122M 2s
 14300K .......... .......... .......... .......... ..........  7%  114M 2s
 14350K .......... .......... .......... .......... ..........  7%  136M 2s
 14400K .......... .......... .......... .......... ..........  7%  133M 2s
 14450K .......... .......... .......... .......... ..........  7%  137M 2s
 14500K .......... .......... .......... .......... ..........  7%  120M 2s
 14550K .......... .......... .......... .......... ..........  7%  104M 2s
 14600K .......... .......... .......... .......... ..........  7%  132M 2s
 14650K .......... .......... .......... .......... ..........  7%  133M 2s
 14700K .......... .......... .......... .......... ..........  7%  114M 2s
 14750K .......... .......... .......... .......... ..........  7%  134M 2s
 14800K .......... .......... .......... .......... ..........  7%  130M 2s
 14850K .......... .......... .......... .......... ..........  7%  134M 2s
 14900K .......... .......... .......... .......... ..........  7%  119M 2s
 14950K .......... .......... .......... .......... ..........  7%  125M 2s
 15000K .......... .......... .......... .......... ..........  8%  135M 2s
 15050K .......... .......... .......... .......... ..........  8%  122M 2s
 15100K .......... .......... .......... .......... ..........  8%  116M 2s
 15150K .......... .......... .......... .......... ..........  8%  130M 2s
 15200K .......... .......... .......... .......... ..........  8%  128M 2s
 15250K .......... .......... .......... .......... ..........  8%  137M 2s
 15300K .......... .......... .......... .......... ..........  8%  116M 2s
 15350K .......... .......... .......... .......... ..........  8%  136M 2s
 15400K .......... .......... .......... .......... ..........  8%  138M 2s
 15450K .......... .......... .......... .......... ..........  8%  125M 2s
 15500K .......... .......... .......... .......... ..........  8%  114M 2s
 15550K .......... .......... .......... .......... ..........  8%  130M 2s
 15600K .......... .......... .......... .......... ..........  8%  139M 2s
 15650K .......... .......... .......... .......... ..........  8%  143M 2s
 15700K .......... .......... .......... .......... ..........  8%  118M 2s
 15750K .......... .......... .......... .......... ..........  8%  131M 2s
 15800K .......... .......... .......... .......... ..........  8%  132M 2s
 15850K .......... .......... .......... .......... ..........  8%  127M 2s
 15900K .......... .......... .......... .......... ..........  8%  113M 2s
 15950K .......... .......... .......... .......... ..........  8%  134M 2s
 16000K .......... .......... .......... .......... ..........  8%  125M 2s
 16050K .......... .......... .......... .......... ..........  8%  139M 2s
 16100K .......... .......... .......... .......... ..........  8%  117M 2s
 16150K .......... .......... .......... .......... ..........  8%  136M 2s
 16200K .......... .......... .......... .......... ..........  8%  130M 2s
 16250K .......... .......... .......... .......... ..........  8%  140M 2s
 16300K .......... .......... .......... .......... ..........  8%  114M 2s
 16350K .......... .......... .......... .......... ..........  8%  129M 2s
 16400K .......... .......... .......... .......... ..........  8%  142M 2s
 16450K .......... .......... .......... .......... ..........  8%  150M 2s
 16500K .......... .......... .......... .......... ..........  8%  132M 2s
 16550K .......... .......... .......... .......... ..........  8%  141M 2s
 16600K .......... .......... .......... .......... ..........  8%  151M 2s
 16650K .......... .......... .......... .......... ..........  8%  152M 2s
 16700K .......... .......... .......... .......... ..........  8%  127M 2s
 16750K .......... .......... .......... .......... ..........  8%  152M 2s
 16800K .......... .......... .......... .......... ..........  8%  142M 2s
 16850K .......... .......... .......... .......... ..........  9%  147M 2s
 16900K .......... .......... .......... .......... ..........  9%  134M 2s
 16950K .......... .......... .......... .......... ..........  9%  152M 2s
 17000K .......... .......... .......... .......... ..........  9%  145M 2s
 17050K .......... .......... .......... .......... ..........  9%  151M 2s
 17100K .......... .......... .......... .......... ..........  9%  120M 2s
 17150K .......... .......... .......... .......... ..........  9%  156M 2s
 17200K .......... .......... .......... .......... ..........  9%  148M 2s
 17250K .......... .......... .......... .......... ..........  9%  145M 2s
 17300K .......... .......... .......... .......... ..........  9%  132M 2s
 17350K .......... .......... .......... .......... ..........  9%  144M 2s
 17400K .......... .......... .......... .......... ..........  9%  148M 2s
 17450K .......... .......... .......... .......... ..........  9%  154M 2s
 17500K .......... .......... .......... .......... ..........  9%  125M 2s
 17550K .......... .......... .......... .......... ..........  9%  156M 2s
 17600K .......... .......... .......... .......... ..........  9%  154M 2s
 17650K .......... .......... .......... .......... ..........  9%  149M 2s
 17700K .......... .......... .......... .......... ..........  9%  134M 2s
 17750K .......... .......... .......... .......... ..........  9%  156M 2s
 17800K .......... .......... .......... .......... ..........  9%  154M 2s
 17850K .......... .......... .......... .......... ..........  9%  154M 2s
 17900K .......... .......... .......... .......... ..........  9%  127M 2s
 17950K .......... .......... .......... .......... ..........  9%  146M 2s
 18000K .......... .......... .......... .......... ..........  9%  152M 2s
 18050K .......... .......... .......... .......... ..........  9%  155M 2s
 18100K .......... .......... .......... .......... ..........  9%  118M 2s
 18150K .......... .......... .......... .......... ..........  9%  153M 2s
 18200K .......... .......... .......... .......... ..........  9%  152M 2s
 18250K .......... .......... .......... .......... ..........  9%  140M 2s
 18300K .......... .......... .......... .......... ..........  9%  134M 2s
 18350K .......... .......... .......... .......... ..........  9%  157M 2s
 18400K .......... .......... .......... .......... ..........  9%  147M 2s
 18450K .......... .......... .......... .......... ..........  9%  148M 2s
 18500K .......... .......... .......... .......... ..........  9%  144M 2s
 18550K .......... .......... .......... .......... ..........  9%  153M 2s
 18600K .......... .......... .......... .......... ..........  9%  154M 2s
 18650K .......... .......... .......... .......... ..........  9%  158M 2s
 18700K .......... .......... .......... .......... ..........  9%  125M 2s
 18750K .......... .......... .......... .......... .......... 10%  158M 2s
 18800K .......... .......... .......... .......... .......... 10%  156M 2s
 18850K .......... .......... .......... .......... .......... 10%  141M 2s
 18900K .......... .......... .......... .......... .......... 10%  134M 2s
 18950K .......... .......... .......... .......... .......... 10%  154M 2s
 19000K .......... .......... .......... .......... .......... 10%  144M 2s
 19050K .......... .......... .......... .......... .......... 10%  175M 2s
 19100K .......... .......... .......... .......... .......... 10%  235M 2s
 19150K .......... .......... .......... .......... .......... 10%  285M 2s
 19200K .......... .......... .......... .......... .......... 10%  283M 2s
 19250K .......... .......... .......... .......... .......... 10%  251M 2s
 19300K .......... .......... .......... .......... .......... 10%  263M 2s
 19350K .......... .......... .......... .......... .......... 10%  282M 2s
 19400K .......... .......... .......... .......... .......... 10%  278M 2s
 19450K .......... .......... .......... .......... .......... 10%  271M 2s
 19500K .......... .......... .......... .......... .......... 10%  227M 2s
 19550K .......... .......... .......... .......... .......... 10%  284M 2s
 19600K .......... .......... .......... .......... .......... 10%  284M 2s
 19650K .......... .......... .......... .......... .......... 10%  282M 2s
 19700K .......... .......... .......... .......... .......... 10%  236M 2s
 19750K .......... .......... .......... .......... .......... 10%  268M 2s
 19800K .......... .......... .......... .......... .......... 10%  253M 2s
 19850K .......... .......... .......... .......... .......... 10%  278M 2s
 19900K .......... .......... .......... .......... .......... 10%  230M 2s
 19950K .......... .......... .......... .......... .......... 10%  283M 2s
 20000K .......... .......... .......... .......... .......... 10%  285M 2s
 20050K .......... .......... .......... .......... .......... 10%  277M 2s
 20100K .......... .......... .......... .......... .......... 10%  173M 2s
 20150K .......... .......... .......... .......... .......... 10%  279M 2s
 20200K .......... .......... .......... .......... .......... 10%  282M 2s
 20250K .......... .......... .......... .......... .......... 10%  290M 2s
 20300K .......... .......... .......... .......... .......... 10%  233M 2s
 20350K .......... .......... .......... .......... .......... 10%  284M 2s
 20400K .......... .......... .......... .......... .......... 10%  283M 2s
 20450K .......... .......... .......... .......... .......... 10%  846K 2s
 20500K .......... .......... .......... .......... .......... 10% 38.5M 2s
 20550K .......... .......... .......... .......... .......... 10%  108M 2s
 20600K .......... .......... .......... .......... .......... 11%  121M 2s
 20650K .......... .......... .......... .......... .......... 11%  104M 2s
 20700K .......... .......... .......... .......... .......... 11% 65.2M 2s
 20750K .......... .......... .......... .......... .......... 11% 26.8M 2s
 20800K .......... .......... .......... .......... .......... 11%  116M 2s
 20850K .......... .......... .......... .......... .......... 11%  134M 2s
 20900K .......... .......... .......... .......... .......... 11% 53.4M 2s
 20950K .......... .......... .......... .......... .......... 11%  117M 2s
 21000K .......... .......... .......... .......... .......... 11%  125M 2s
 21050K .......... .......... .......... .......... .......... 11%  127M 2s
 21100K .......... .......... .......... .......... .......... 11%  135M 2s
 21150K .......... .......... .......... .......... .......... 11%  111M 2s
 21200K .......... .......... .......... .......... .......... 11% 79.6M 2s
 21250K .......... .......... .......... .......... .......... 11%  117M 2s
 21300K .......... .......... .......... .......... .......... 11%  134M 2s
 21350K .......... .......... .......... .......... .......... 11%  116M 2s
 21400K .......... .......... .......... .......... .......... 11%  130M 2s
 21450K .......... .......... .......... .......... .......... 11%  133M 2s
 21500K .......... .......... .......... .......... .......... 11%  129M 2s
 21550K .......... .......... .......... .......... .......... 11%  110M 2s
 21600K .......... .......... .......... .......... .......... 11%  129M 2s
 21650K .......... .......... .......... .......... .......... 11%  134M 2s
 21700K .......... .......... .......... .......... .......... 11%  133M 2s
 21750K .......... .......... .......... .......... .......... 11%  119M 2s
 21800K .......... .......... .......... .......... .......... 11%  133M 2s
 21850K .......... .......... .......... .......... .......... 11%  125M 2s
 21900K .......... .......... .......... .......... .......... 11%  139M 2s
 21950K .......... .......... .......... .......... .......... 11%  115M 2s
 22000K .......... .......... .......... .......... .......... 11%  132M 2s
 22050K .......... .......... .......... .......... .......... 11%  142M 2s
 22100K .......... .......... .......... .......... .......... 11%  135M 2s
 22150K .......... .......... .......... .......... .......... 11%  118M 2s
 22200K .......... .......... .......... .......... .......... 11%  128M 2s
 22250K .......... .......... .......... .......... .......... 11%  132M 2s
 22300K .......... .......... .......... .......... .......... 11%  143M 2s
 22350K .......... .......... .......... .......... .......... 11%  114M 2s
 22400K .......... .......... .......... .......... .......... 11%  132M 2s
 22450K .......... .......... .......... .......... .......... 11%  130M 2s
 22500K .......... .......... .......... .......... .......... 12%  138M 2s
 22550K .......... .......... .......... .......... .......... 12%  121M 2s
 22600K .......... .......... .......... .......... .......... 12%  127M 2s
 22650K .......... .......... .......... .......... .......... 12%  131M 2s
 22700K .......... .......... .......... .......... .......... 12%  132M 2s
 22750K .......... .......... .......... .......... .......... 12%  110M 2s
 22800K .......... .......... .......... .......... .......... 12%  135M 2s
 22850K .......... .......... .......... .......... .......... 12%  130M 2s
 22900K .......... .......... .......... .......... .......... 12%  129M 2s
 22950K .......... .......... .......... .......... .......... 12%  123M 2s
 23000K .......... .......... .......... .......... .......... 12%  134M 2s
 23050K .......... .......... .......... .......... .......... 12%  134M 2s
 23100K .......... .......... .......... .......... .......... 12%  126M 2s
 23150K .......... .......... .......... .......... .......... 12%  112M 2s
 23200K .......... .......... .......... .......... .......... 12%  129M 2s
 23250K .......... .......... .......... .......... .......... 12%  135M 2s
 23300K .......... .......... .......... .......... .......... 12%  133M 2s
 23350K .......... .......... .......... .......... .......... 12%  118M 2s
 23400K .......... .......... .......... .......... .......... 12%  138M 2s
 23450K .......... .......... .......... .......... .......... 12%  131M 2s
 23500K .......... .......... .......... .......... .......... 12%  137M 2s
 23550K .......... .......... .......... .......... .......... 12%  109M 2s
 23600K .......... .......... .......... .......... .......... 12%  127M 2s
 23650K .......... .......... .......... .......... .......... 12%  104M 2s
 23700K .......... .......... .......... .......... .......... 12%  130M 2s
 23750K .......... .......... .......... .......... .......... 12%  115M 2s
 23800K .......... .......... .......... .......... .......... 12%  134M 2s
 23850K .......... .......... .......... .......... .......... 12%  137M 2s
 23900K .......... .......... .......... .......... .......... 12%  130M 2s
 23950K .......... .......... .......... .......... .......... 12%  104M 2s
 24000K .......... .......... .......... .......... .......... 12%  140M 2s
 24050K .......... .......... .......... .......... .......... 12%  142M 2s
 24100K .......... .......... .......... .......... .......... 12%  131M 2s
 24150K .......... .......... .......... .......... .......... 12%  112M 2s
 24200K .......... .......... .......... .......... .......... 12%  122M 2s
 24250K .......... .......... .......... .......... .......... 12%  135M 2s
 24300K .......... .......... .......... .......... .......... 12%  138M 2s
 24350K .......... .......... .......... .......... .......... 13%  107M 2s
 24400K .......... .......... .......... .......... .......... 13%  128M 2s
 24450K .......... .......... .......... .......... .......... 13%  128M 2s
 24500K .......... .......... .......... .......... .......... 13%  136M 2s
 24550K .......... .......... .......... .......... .......... 13%  125M 2s
 24600K .......... .......... .......... .......... .......... 13%  128M 2s
 24650K .......... .......... .......... .......... .......... 13%  123M 2s
 24700K .......... .......... .......... .......... .......... 13%  138M 2s
 24750K .......... .......... .......... .......... .......... 13%  110M 2s
 24800K .......... .......... .......... .......... .......... 13%  126M 2s
 24850K .......... .......... .......... .......... .......... 13%  134M 2s
 24900K .......... .......... .......... .......... .......... 13%  131M 2s
 24950K .......... .......... .......... .......... .......... 13%  118M 2s
 25000K .......... .......... .......... .......... .......... 13%  129M 2s
 25050K .......... .......... .......... .......... .......... 13%  136M 2s
 25100K .......... .......... .......... .......... .......... 13%  128M 2s
 25150K .......... .......... .......... .......... .......... 13% 98.2M 2s
 25200K .......... .......... .......... .......... .......... 13%  136M 2s
 25250K .......... .......... .......... .......... .......... 13%  133M 2s
 25300K .......... .......... .......... .......... .......... 13%  143M 2s
 25350K .......... .......... .......... .......... .......... 13%  120M 2s
 25400K .......... .......... .......... .......... .......... 13%  134M 2s
 25450K .......... .......... .......... .......... .......... 13%  137M 2s
 25500K .......... .......... .......... .......... .......... 13%  120M 2s
 25550K .......... .......... .......... .......... .......... 13%  111M 2s
 25600K .......... .......... .......... .......... .......... 13%  137M 2s
 25650K .......... .......... .......... .......... .......... 13%  123M 2s
 25700K .......... .......... .......... .......... .......... 13%  130M 2s
 25750K .......... .......... .......... .......... .......... 13%  115M 2s
 25800K .......... .......... .......... .......... .......... 13%  139M 2s
 25850K .......... .......... .......... .......... .......... 13%  127M 2s
 25900K .......... .......... .......... .......... .......... 13%  128M 2s
 25950K .......... .......... .......... .......... .......... 13%  113M 2s
 26000K .......... .......... .......... .......... .......... 13%  127M 2s
 26050K .......... .......... .......... .......... .......... 13%  137M 2s
 26100K .......... .......... .......... .......... .......... 13%  139M 2s
 26150K .......... .......... .......... .......... .......... 13%  115M 2s
 26200K .......... .......... .......... .......... .......... 13%  134M 2s
 26250K .......... .......... .......... .......... .......... 14%  132M 2s
 26300K .......... .......... .......... .......... .......... 14%  126M 2s
 26350K .......... .......... .......... .......... .......... 14%  115M 2s
 26400K .......... .......... .......... .......... .......... 14%  144M 2s
 26450K .......... .......... .......... .......... .......... 14%  149M 2s
 26500K .......... .......... .......... .......... .......... 14%  141M 2s
 26550K .......... .......... .......... .......... .......... 14%  135M 2s
 26600K .......... .......... .......... .......... .......... 14%  147M 2s
 26650K .......... .......... .......... .......... .......... 14%  146M 2s
 26700K .......... .......... .......... .......... .......... 14%  147M 2s
 26750K .......... .......... .......... .......... .......... 14%  126M 2s
 26800K .......... .......... .......... .......... .......... 14%  151M 2s
 26850K .......... .......... .......... .......... .......... 14%  145M 2s
 26900K .......... .......... .......... .......... .......... 14%  143M 2s
 26950K .......... .......... .......... .......... .......... 14%  140M 2s
 27000K .......... .......... .......... .......... .......... 14%  144M 2s
 27050K .......... .......... .......... .......... .......... 14%  152M 2s
 27100K .......... .......... .......... .......... .......... 14%  139M 2s
 27150K .......... .......... .......... .......... .......... 14% 94.3M 2s
 27200K .......... .......... .......... .......... .......... 14%  147M 2s
 27250K .......... .......... .......... .......... .......... 14%  145M 2s
 27300K .......... .......... .......... .......... .......... 14%  155M 2s
 27350K .......... .......... .......... .......... .......... 14%  115M 2s
 27400K .......... .......... .......... .......... .......... 14%  145M 2s
 27450K .......... .......... .......... .......... .......... 14%  142M 2s
 27500K .......... .......... .......... .......... .......... 14%  133M 2s
 27550K .......... .......... .......... .......... .......... 14%  118M 2s
 27600K .......... .......... .......... .......... .......... 14%  148M 2s
 27650K .......... .......... .......... .......... .......... 14%  145M 2s
 27700K .......... .......... .......... .......... .......... 14%  136M 2s
 27750K .......... .......... .......... .......... .......... 14%  127M 2s
 27800K .......... .......... .......... .......... .......... 14% 91.0M 2s
 27850K .......... .......... .......... .......... .......... 14%  147M 2s
 27900K .......... .......... .......... .......... .......... 14%  137M 2s
 27950K .......... .......... .......... .......... .......... 14% 78.5M 2s
 28000K .......... .......... .......... .......... .......... 14%  157M 2s
 28050K .......... .......... .......... .......... .......... 14% 94.7M 2s
 28100K .......... .......... .......... .......... .......... 15%  155M 2s
 28150K .......... .......... .......... .......... .......... 15%  138M 2s
 28200K .......... .......... .......... .......... .......... 15%  145M 2s
 28250K .......... .......... .......... .......... .......... 15%  156M 2s
 28300K .......... .......... .......... .......... .......... 15%  140M 2s
 28350K .......... .......... .......... .......... .......... 15%  131M 2s
 28400K .......... .......... .......... .......... .......... 15%  161M 2s
 28450K .......... .......... .......... .......... .......... 15%  153M 2s
 28500K .......... .......... .......... .......... .......... 15%  144M 2s
 28550K .......... .......... .......... .......... .......... 15%  132M 2s
 28600K .......... .......... .......... .......... .......... 15%  136M 2s
 28650K .......... .......... .......... .......... .......... 15%  162M 2s
 28700K .......... .......... .......... .......... .......... 15%  256M 2s
 28750K .......... .......... .......... .......... .......... 15%  230M 2s
 28800K .......... .......... .......... .......... .......... 15%  267M 2s
 28850K .......... .......... .......... .......... .......... 15%  272M 2s
 28900K .......... .......... .......... .......... .......... 15%  270M 2s
 28950K .......... .......... .......... .......... .......... 15%  252M 2s
 29000K .......... .......... .......... .......... .......... 15%  264M 2s
 29050K .......... .......... .......... .......... .......... 15%  264M 2s
 29100K .......... .......... .......... .......... .......... 15%  258M 2s
 29150K .......... .......... .......... .......... .......... 15%  244M 2s
 29200K .......... .......... .......... .......... .......... 15%  269M 2s
 29250K .......... .......... .......... .......... .......... 15%  262M 2s
 29300K .......... .......... .......... .......... .......... 15%  263M 2s
 29350K .......... .......... .......... .......... .......... 15%  230M 2s
 29400K .......... .......... .......... .......... .......... 15%  285M 2s
 29450K .......... .......... .......... .......... .......... 15%  251M 2s
 29500K .......... .......... .......... .......... .......... 15%  274M 2s
 29550K .......... .......... .......... .......... .......... 15%  212M 2s
 29600K .......... .......... .......... .......... .......... 15%  262M 2s
 29650K .......... .......... .......... .......... .......... 15%  254M 2s
 29700K .......... .......... .......... .......... .......... 15%  270M 2s
 29750K .......... .......... .......... .......... .......... 15%  220M 2s
 29800K .......... .......... .......... .......... .......... 15%  267M 2s
 29850K .......... .......... .......... .......... .......... 15%  245M 2s
 29900K .......... .......... .......... .......... .......... 15%  252M 2s
 29950K .......... .......... .......... .......... .......... 15%  213M 2s
 30000K .......... .......... .......... .......... .......... 16%  238M 2s
 30050K .......... .......... .......... .......... .......... 16%  278M 2s
 30100K .......... .......... .......... .......... .......... 16%  274M 2s
 30150K .......... .......... .......... .......... .......... 16%  249M 2s
 30200K .......... .......... .......... .......... .......... 16%  296M 2s
 30250K .......... .......... .......... .......... .......... 16%  288M 2s
 30300K .......... .......... .......... .......... .......... 16%  264M 2s
 30350K .......... .......... .......... .......... .......... 16%  238M 2s
 30400K .......... .......... .......... .......... .......... 16%  277M 2s
 30450K .......... .......... .......... .......... .......... 16%  289M 2s
 30500K .......... .......... .......... .......... .......... 16%  284M 2s
 30550K .......... .......... .......... .......... .......... 16%  262M 2s
 30600K .......... .......... .......... .......... .......... 16%  294M 2s
 30650K .......... .......... .......... .......... .......... 16%  272M 2s
 30700K .......... .......... .......... .......... .......... 16%  854K 2s
 30750K .......... .......... .......... .......... .......... 16%  113M 2s
 30800K .......... .......... .......... .......... .......... 16%  114M 2s
 30850K .......... .......... .......... .......... .......... 16%  135M 2s
 30900K .......... .......... .......... .......... .......... 16%  139M 2s
 30950K .......... .......... .......... .......... .......... 16%  134M 2s
 31000K .......... .......... .......... .......... .......... 16%  153M 2s
 31050K .......... .......... .......... .......... .......... 16%  135M 2s
 31100K .......... .......... .......... .......... .......... 16%  148M 2s
 31150K .......... .......... .......... .......... .......... 16%  121M 2s
 31200K .......... .......... .......... .......... .......... 16% 87.5M 2s
 31250K .......... .......... .......... .......... .......... 16%  146M 2s
 31300K .......... .......... .......... .......... .......... 16%  140M 2s
 31350K .......... .......... .......... .......... .......... 16%  131M 2s
 31400K .......... .......... .......... .......... .......... 16%  151M 2s
 31450K .......... .......... .......... .......... .......... 16%  150M 2s
 31500K .......... .......... .......... .......... .......... 16%  150M 2s
 31550K .......... .......... .......... .......... .......... 16%  124M 2s
 31600K .......... .......... .......... .......... .......... 16%  145M 2s
 31650K .......... .......... .......... .......... .......... 16%  150M 2s
 31700K .......... .......... .......... .......... .......... 16%  152M 2s
 31750K .......... .......... .......... .......... .......... 16%  133M 2s
 31800K .......... .......... .......... .......... .......... 16%  151M 2s
 31850K .......... .......... .......... .......... .......... 17%  138M 2s
 31900K .......... .......... .......... .......... .......... 17%  143M 2s
 31950K .......... .......... .......... .......... .......... 17%  117M 2s
 32000K .......... .......... .......... .......... .......... 17%  150M 2s
 32050K .......... .......... .......... .......... .......... 17%  148M 2s
 32100K .......... .......... .......... .......... .......... 17%  149M 2s
 32150K .......... .......... .......... .......... .......... 17%  132M 2s
 32200K .......... .......... .......... .......... .......... 17%  148M 2s
 32250K .......... .......... .......... .......... .......... 17%  158M 2s
 32300K .......... .......... .......... .......... .......... 17%  146M 2s
 32350K .......... .......... .......... .......... .......... 17%  124M 2s
 32400K .......... .......... .......... .......... .......... 17%  139M 2s
 32450K .......... .......... .......... .......... .......... 17%  142M 2s
 32500K .......... .......... .......... .......... .......... 17%  157M 2s
 32550K .......... .......... .......... .......... .......... 17%  126M 2s
 32600K .......... .......... .......... .......... .......... 17%  140M 2s
 32650K .......... .......... .......... .......... .......... 17%  147M 2s
 32700K .......... .......... .......... .......... .......... 17%  154M 2s
 32750K .......... .......... .......... .......... .......... 17%  123M 2s
 32800K .......... .......... .......... .......... .......... 17%  149M 2s
 32850K .......... .......... .......... .......... .......... 17%  149M 2s
 32900K .......... .......... .......... .......... .......... 17%  146M 2s
 32950K .......... .......... .......... .......... .......... 17%  139M 2s
 33000K .......... .......... .......... .......... .......... 17%  147M 2s
 33050K .......... .......... .......... .......... .......... 17%  146M 2s
 33100K .......... .......... .......... .......... .......... 17%  149M 2s
 33150K .......... .......... .......... .......... .......... 17%  127M 2s
 33200K .......... .......... .......... .......... .......... 17%  155M 2s
 33250K .......... .......... .......... .......... .......... 17%  144M 2s
 33300K .......... .......... .......... .......... .......... 17%  154M 2s
 33350K .......... .......... .......... .......... .......... 17%  137M 2s
 33400K .......... .......... .......... .......... .......... 17%  153M 2s
 33450K .......... .......... .......... .......... .......... 17%  154M 2s
 33500K .......... .......... .......... .......... .......... 17%  153M 2s
 33550K .......... .......... .......... .......... .......... 17%  128M 2s
 33600K .......... .......... .......... .......... .......... 17%  146M 2s
 33650K .......... .......... .......... .......... .......... 17%  145M 2s
 33700K .......... .......... .......... .......... .......... 17%  160M 2s
 33750K .......... .......... .......... .......... .......... 18%  132M 2s
 33800K .......... .......... .......... .......... .......... 18%  155M 2s
 33850K .......... .......... .......... .......... .......... 18%  154M 2s
 33900K .......... .......... .......... .......... .......... 18%  149M 2s
 33950K .......... .......... .......... .......... .......... 18%  127M 2s
 34000K .......... .......... .......... .......... .......... 18%  152M 2s
 34050K .......... .......... .......... .......... .......... 18%  152M 2s
 34100K .......... .......... .......... .......... .......... 18%  148M 2s
 34150K .......... .......... .......... .......... .......... 18%  140M 2s
 34200K .......... .......... .......... .......... .......... 18%  154M 2s
 34250K .......... .......... .......... .......... .......... 18%  142M 2s
 34300K .......... .......... .......... .......... .......... 18%  147M 2s
 34350K .......... .......... .......... .......... .......... 18%  134M 2s
 34400K .......... .......... .......... .......... .......... 18%  150M 2s
 34450K .......... .......... .......... .......... .......... 18%  154M 2s
 34500K .......... .......... .......... .......... .......... 18%  152M 2s
 34550K .......... .......... .......... .......... .......... 18%  135M 2s
 34600K .......... .......... .......... .......... .......... 18%  159M 2s
 34650K .......... .......... .......... .......... .......... 18%  155M 2s
 34700K .......... .......... .......... .......... .......... 18%  157M 2s
 34750K .......... .......... .......... .......... .......... 18%  129M 2s
 34800K .......... .......... .......... .......... .......... 18%  153M 2s
 34850K .......... .......... .......... .......... .......... 18%  142M 2s
 34900K .......... .......... .......... .......... .......... 18%  160M 2s
 34950K .......... .......... .......... .......... .......... 18%  143M 2s
 35000K .......... .......... .......... .......... .......... 18% 94.5M 2s
 35050K .......... .......... .......... .......... .......... 18%  149M 2s
 35100K .......... .......... .......... .......... .......... 18%  149M 2s
 35150K .......... .......... .......... .......... .......... 18%  126M 2s
 35200K .......... .......... .......... .......... .......... 18%  152M 2s
 35250K .......... .......... .......... .......... .......... 18%  145M 2s
 35300K .......... .......... .......... .......... .......... 18%  148M 2s
 35350K .......... .......... .......... .......... .......... 18%  133M 2s
 35400K .......... .......... .......... .......... .......... 18%  141M 2s
 35450K .......... .......... .......... .......... .......... 18%  157M 2s
 35500K .......... .......... .......... .......... .......... 18%  156M 2s
 35550K .......... .......... .......... .......... .......... 18%  124M 2s
 35600K .......... .......... .......... .......... .......... 19%  156M 2s
 35650K .......... .......... .......... .......... .......... 19%  146M 2s
 35700K .......... .......... .......... .......... .......... 19%  145M 2s
 35750K .......... .......... .......... .......... .......... 19%  142M 2s
 35800K .......... .......... .......... .......... .......... 19%  151M 2s
 35850K .......... .......... .......... .......... .......... 19%  149M 2s
 35900K .......... .......... .......... .......... .......... 19%  160M 2s
 35950K .......... .......... .......... .......... .......... 19%  117M 2s
 36000K .......... .......... .......... .......... .......... 19%  147M 2s
 36050K .......... .......... .......... .......... .......... 19%  151M 2s
 36100K .......... .......... .......... .......... .......... 19%  158M 2s
 36150K .......... .......... .......... .......... .......... 19%  122M 2s
 36200K .......... .......... .......... .......... .......... 19%  151M 2s
 36250K .......... .......... .......... .......... .......... 19%  151M 2s
 36300K .......... .......... .......... .......... .......... 19%  152M 2s
 36350K .......... .......... .......... .......... .......... 19%  130M 2s
 36400K .......... .......... .......... .......... .......... 19%  106M 2s
 36450K .......... .......... .......... .......... .......... 19%  153M 2s
 36500K .......... .......... .......... .......... .......... 19%  152M 2s
 36550K .......... .......... .......... .......... .......... 19%  133M 2s
 36600K .......... .......... .......... .......... .......... 19% 92.1M 2s
 36650K .......... .......... .......... .......... .......... 19%  157M 2s
 36700K .......... .......... .......... .......... .......... 19%  144M 2s
 36750K .......... .......... .......... .......... .......... 19%  129M 2s
 36800K .......... .......... .......... .......... .......... 19%  150M 2s
 36850K .......... .......... .......... .......... .......... 19%  152M 2s
 36900K .......... .......... .......... .......... .......... 19%  150M 2s
 36950K .......... .......... .......... .......... .......... 19%  143M 2s
 37000K .......... .......... .......... .......... .......... 19%  148M 2s
 37050K .......... .......... .......... .......... .......... 19%  157M 2s
 37100K .......... .......... .......... .......... .......... 19%  149M 2s
 37150K .......... .......... .......... .......... .......... 19%  123M 2s
 37200K .......... .......... .......... .......... .......... 19%  157M 2s
 37250K .......... .......... .......... .......... .......... 19%  157M 2s
 37300K .......... .......... .......... .......... .......... 19%  148M 2s
 37350K .......... .......... .......... .......... .......... 19%  138M 2s
 37400K .......... .......... .......... .......... .......... 19%  159M 2s
 37450K .......... .......... .......... .......... .......... 19%  150M 2s
 37500K .......... .......... .......... .......... .......... 20%  155M 2s
 37550K .......... .......... .......... .......... .......... 20%  128M 2s
 37600K .......... .......... .......... .......... .......... 20%  139M 2s
 37650K .......... .......... .......... .......... .......... 20%  152M 2s
 37700K .......... .......... .......... .......... .......... 20%  158M 2s
 37750K .......... .......... .......... .......... .......... 20%  130M 2s
 37800K .......... .......... .......... .......... .......... 20%  148M 2s
 37850K .......... .......... .......... .......... .......... 20%  152M 2s
 37900K .......... .......... .......... .......... .......... 20%  151M 2s
 37950K .......... .......... .......... .......... .......... 20%  127M 2s
 38000K .......... .......... .......... .......... .......... 20%  158M 2s
 38050K .......... .......... .......... .......... .......... 20%  143M 2s
 38100K .......... .......... .......... .......... .......... 20%  154M 2s
 38150K .......... .......... .......... .......... .......... 20%  134M 2s
 38200K .......... .......... .......... .......... .......... 20%  149M 2s
 38250K .......... .......... .......... .......... .......... 20%  152M 2s
 38300K .......... .......... .......... .......... .......... 20%  156M 2s
 38350K .......... .......... .......... .......... .......... 20%  126M 2s
 38400K .......... .......... .......... .......... .......... 20%  148M 2s
 38450K .......... .......... .......... .......... .......... 20%  159M 2s
 38500K .......... .......... .......... .......... .......... 20%  145M 2s
 38550K .......... .......... .......... .......... .......... 20%  134M 2s
 38600K .......... .......... .......... .......... .......... 20%  160M 2s
 38650K .......... .......... .......... .......... .......... 20%  151M 2s
 38700K .......... .......... .......... .......... .......... 20%  151M 2s
 38750K .......... .......... .......... .......... .......... 20%  121M 2s
 38800K .......... .......... .......... .......... .......... 20%  146M 2s
 38850K .......... .......... .......... .......... .......... 20%  147M 2s
 38900K .......... .......... .......... .......... .......... 20%  191M 2s
 38950K .......... .......... .......... .......... .......... 20%  245M 2s
 39000K .......... .......... .......... .......... .......... 20%  285M 2s
 39050K .......... .......... .......... .......... .......... 20%  261M 2s
 39100K .......... .......... .......... .......... .......... 20%  282M 2s
 39150K .......... .......... .......... .......... .......... 20%  228M 2s
 39200K .......... .......... .......... .......... .......... 20%  284M 2s
 39250K .......... .......... .......... .......... .......... 20%  238M 2s
 39300K .......... .......... .......... .......... .......... 20%  280M 2s
 39350K .......... .......... .......... .......... .......... 21%  256M 2s
 39400K .......... .......... .......... .......... .......... 21%  273M 2s
 39450K .......... .......... .......... .......... .......... 21%  287M 2s
 39500K .......... .......... .......... .......... .......... 21%  261M 2s
 39550K .......... .......... .......... .......... .......... 21%  225M 2s
 39600K .......... .......... .......... .......... .......... 21%  264M 2s
 39650K .......... .......... .......... .......... .......... 21%  261M 2s
 39700K .......... .......... .......... .......... .......... 21%  238M 2s
 39750K .......... .......... .......... .......... .......... 21%  239M 2s
 39800K .......... .......... .......... .......... .......... 21%  276M 2s
 39850K .......... .......... .......... .......... .......... 21%  276M 2s
 39900K .......... .......... .......... .......... .......... 21%  275M 2s
 39950K .......... .......... .......... .......... .......... 21%  217M 2s
 40000K .......... .......... .......... .......... .......... 21%  234M 2s
 40050K .......... .......... .......... .......... .......... 21%  270M 2s
 40100K .......... .......... .......... .......... .......... 21%  266M 2s
 40150K .......... .......... .......... .......... .......... 21%  252M 2s
 40200K .......... .......... .......... .......... .......... 21%  278M 2s
 40250K .......... .......... .......... .......... .......... 21%  215M 2s
 40300K .......... .......... .......... .......... .......... 21%  263M 2s
 40350K .......... .......... .......... .......... .......... 21%  234M 2s
 40400K .......... .......... .......... .......... .......... 21%  285M 2s
 40450K .......... .......... .......... .......... .......... 21%  265M 2s
 40500K .......... .......... .......... .......... .......... 21%  262M 2s
 40550K .......... .......... .......... .......... .......... 21%  249M 2s
 40600K .......... .......... .......... .......... .......... 21%  282M 2s
 40650K .......... .......... .......... .......... .......... 21%  287M 2s
 40700K .......... .......... .......... .......... .......... 21%  284M 2s
 40750K .......... .......... .......... .......... .......... 21%  216M 2s
 40800K .......... .......... .......... .......... .......... 21%  245M 2s
 40850K .......... .......... .......... .......... .......... 21%  292M 2s
 40900K .......... .......... .......... .......... .......... 21%  291M 2s
 40950K .......... .......... .......... .......... .......... 21%  790K 2s
 41000K .......... .......... .......... .......... .......... 21%  245M 2s
 41050K .......... .......... .......... .......... .......... 21% 78.8M 2s
 41100K .......... .......... .......... .......... .......... 21% 87.9M 2s
 41150K .......... .......... .......... .......... .......... 21%  111M 2s
 41200K .......... .......... .......... .......... .......... 21%  122M 2s
 41250K .......... .......... .......... .......... .......... 22%  121M 2s
 41300K .......... .......... .......... .......... .......... 22%  131M 2s
 41350K .......... .......... .......... .......... .......... 22%  110M 2s
 41400K .......... .......... .......... .......... .......... 22%  127M 2s
 41450K .......... .......... .......... .......... .......... 22%  127M 2s
 41500K .......... .......... .......... .......... .......... 22%  128M 2s
 41550K .......... .......... .......... .......... .......... 22%  114M 2s
 41600K .......... .......... .......... .......... .......... 22%  125M 2s
 41650K .......... .......... .......... .......... .......... 22%  137M 2s
 41700K .......... .......... .......... .......... .......... 22%  133M 2s
 41750K .......... .......... .......... .......... .......... 22%  116M 2s
 41800K .......... .......... .......... .......... .......... 22%  134M 2s
 41850K .......... .......... .......... .......... .......... 22%  138M 2s
 41900K .......... .......... .......... .......... .......... 22%  133M 2s
 41950K .......... .......... .......... .......... .......... 22%  113M 2s
 42000K .......... .......... .......... .......... .......... 22%  127M 2s
 42050K .......... .......... .......... .......... .......... 22%  138M 2s
 42100K .......... .......... .......... .......... .......... 22%  142M 2s
 42150K .......... .......... .......... .......... .......... 22%  105M 2s
 42200K .......... .......... .......... .......... .......... 22%  133M 2s
 42250K .......... .......... .......... .......... .......... 22% 97.2M 2s
 42300K .......... .......... .......... .......... .......... 22%  138M 2s
 42350K .......... .......... .......... .......... .......... 22%  118M 2s
 42400K .......... .......... .......... .......... .......... 22%  127M 2s
 42450K .......... .......... .......... .......... .......... 22%  135M 2s
 42500K .......... .......... .......... .......... .......... 22%  131M 2s
 42550K .......... .......... .......... .......... .......... 22%  120M 2s
 42600K .......... .......... .......... .......... .......... 22%  139M 2s
 42650K .......... .......... .......... .......... .......... 22% 88.4M 2s
 42700K .......... .......... .......... .......... .......... 22%  138M 2s
 42750K .......... .......... .......... .......... .......... 22%  100M 2s
 42800K .......... .......... .......... .......... .......... 22%  141M 2s
 42850K .......... .......... .......... .......... .......... 22%  138M 2s
 42900K .......... .......... .......... .......... .......... 22%  123M 2s
 42950K .......... .......... .......... .......... .......... 22% 84.1M 2s
 43000K .......... .......... .......... .......... .......... 22%  137M 2s
 43050K .......... .......... .......... .......... .......... 22%  143M 2s
 43100K .......... .......... .......... .......... .......... 23%  143M 2s
 43150K .......... .......... .......... .......... .......... 23%  112M 2s
 43200K .......... .......... .......... .......... .......... 23%  134M 2s
 43250K .......... .......... .......... .......... .......... 23%  137M 2s
 43300K .......... .......... .......... .......... .......... 23%  139M 2s
 43350K .......... .......... .......... .......... .......... 23%  130M 2s
 43400K .......... .......... .......... .......... .......... 23%  137M 2s
 43450K .......... .......... .......... .......... .......... 23%  139M 2s
 43500K .......... .......... .......... .......... .......... 23%  135M 2s
 43550K .......... .......... .......... .......... .......... 23%  114M 2s
 43600K .......... .......... .......... .......... .......... 23%  142M 2s
 43650K .......... .......... .......... .......... .......... 23%  140M 2s
 43700K .......... .......... .......... .......... .......... 23%  136M 2s
 43750K .......... .......... .......... .......... .......... 23%  120M 2s
 43800K .......... .......... .......... .......... .......... 23%  126M 2s
 43850K .......... .......... .......... .......... .......... 23%  138M 2s
 43900K .......... .......... .......... .......... .......... 23%  136M 2s
 43950K .......... .......... .......... .......... .......... 23%  116M 2s
 44000K .......... .......... .......... .......... .......... 23%  133M 2s
 44050K .......... .......... .......... .......... .......... 23%  128M 2s
 44100K .......... .......... .......... .......... .......... 23%  136M 2s
 44150K .......... .......... .......... .......... .......... 23%  128M 2s
 44200K .......... .......... .......... .......... .......... 23%  129M 2s
 44250K .......... .......... .......... .......... .......... 23%  139M 2s
 44300K .......... .......... .......... .......... .......... 23%  131M 2s
 44350K .......... .......... .......... .......... .......... 23%  104M 2s
 44400K .......... .......... .......... .......... .......... 23%  137M 2s
 44450K .......... .......... .......... .......... .......... 23%  127M 2s
 44500K .......... .......... .......... .......... .......... 23%  141M 2s
 44550K .......... .......... .......... .......... .......... 23%  119M 2s
 44600K .......... .......... .......... .......... .......... 23%  118M 2s
 44650K .......... .......... .......... .......... .......... 23%  137M 2s
 44700K .......... .......... .......... .......... .......... 23%  138M 2s
 44750K .......... .......... .......... .......... .......... 23%  116M 2s
 44800K .......... .......... .......... .......... .......... 23%  136M 2s
 44850K .......... .......... .......... .......... .......... 23%  135M 2s
 44900K .......... .......... .......... .......... .......... 23%  137M 2s
 44950K .......... .......... .......... .......... .......... 23%  120M 2s
 45000K .......... .......... .......... .......... .......... 24%  125M 2s
 45050K .......... .......... .......... .......... .......... 24%  134M 2s
 45100K .......... .......... .......... .......... .......... 24%  137M 2s
 45150K .......... .......... .......... .......... .......... 24%  109M 2s
 45200K .......... .......... .......... .......... .......... 24%  138M 2s
 45250K .......... .......... .......... .......... .......... 24%  130M 2s
 45300K .......... .......... .......... .......... .......... 24%  143M 2s
 45350K .......... .......... .......... .......... .......... 24%  125M 2s
 45400K .......... .......... .......... .......... .......... 24%  125M 2s
 45450K .......... .......... .......... .......... .......... 24%  145M 2s
 45500K .......... .......... .......... .......... .......... 24%  142M 2s
 45550K .......... .......... .......... .......... .......... 24%  112M 2s
 45600K .......... .......... .......... .......... .......... 24%  144M 2s
 45650K .......... .......... .......... .......... .......... 24%  128M 2s
 45700K .......... .......... .......... .......... .......... 24%  137M 2s
 45750K .......... .......... .......... .......... .......... 24%  130M 2s
 45800K .......... .......... .......... .......... .......... 24%  132M 2s
 45850K .......... .......... .......... .......... .......... 24%  145M 2s
 45900K .......... .......... .......... .......... .......... 24%  141M 2s
 45950K .......... .......... .......... .......... .......... 24%  103M 2s
 46000K .......... .......... .......... .......... .......... 24%  139M 2s
 46050K .......... .......... .......... .......... .......... 24%  124M 2s
 46100K .......... .......... .......... .......... .......... 24%  135M 2s
 46150K .......... .......... .......... .......... .......... 24%  128M 2s
 46200K .......... .......... .......... .......... .......... 24%  132M 2s
 46250K .......... .......... .......... .......... .......... 24%  138M 2s
 46300K .......... .......... .......... .......... .......... 24% 84.1M 2s
 46350K .......... .......... .......... .......... .......... 24%  116M 2s
 46400K .......... .......... .......... .......... .......... 24%  144M 2s
 46450K .......... .......... .......... .......... .......... 24%  130M 2s
 46500K .......... .......... .......... .......... .......... 24%  133M 2s
 46550K .......... .......... .......... .......... .......... 24%  117M 2s
 46600K .......... .......... .......... .......... .......... 24%  139M 2s
 46650K .......... .......... .......... .......... .......... 24%  140M 2s
 46700K .......... .......... .......... .......... .......... 24%  136M 2s
 46750K .......... .......... .......... .......... .......... 24%  114M 2s
 46800K .......... .......... .......... .......... .......... 24%  136M 2s
 46850K .......... .......... .......... .......... .......... 25%  151M 2s
 46900K .......... .......... .......... .......... .......... 25%  154M 2s
 46950K .......... .......... .......... .......... .......... 25%  142M 2s
 47000K .......... .......... .......... .......... .......... 25%  144M 2s
 47050K .......... .......... .......... .......... .......... 25%  156M 2s
 47100K .......... .......... .......... .......... .......... 25%  149M 2s
 47150K .......... .......... .......... .......... .......... 25%  121M 2s
 47200K .......... .......... .......... .......... .......... 25%  158M 2s
 47250K .......... .......... .......... .......... .......... 25%  153M 2s
 47300K .......... .......... .......... .......... .......... 25%  144M 2s
 47350K .......... .......... .......... .......... .......... 25%  139M 2s
 47400K .......... .......... .......... .......... .......... 25%  149M 2s
 47450K .......... .......... .......... .......... .......... 25%  152M 2s
 47500K .......... .......... .......... .......... .......... 25%  152M 2s
 47550K .......... .......... .......... .......... .......... 25%  127M 2s
 47600K .......... .......... .......... .......... .......... 25%  151M 2s
 47650K .......... .......... .......... .......... .......... 25%  150M 2s
 47700K .......... .......... .......... .......... .......... 25%  160M 2s
 47750K .......... .......... .......... .......... .......... 25%  130M 2s
 47800K .......... .......... .......... .......... .......... 25%  157M 2s
 47850K .......... .......... .......... .......... .......... 25%  157M 2s
 47900K .......... .......... .......... .......... .......... 25%  144M 2s
 47950K .......... .......... .......... .......... .......... 25%  134M 2s
 48000K .......... .......... .......... .......... .......... 25%  153M 2s
 48050K .......... .......... .......... .......... .......... 25%  141M 2s
 48100K .......... .......... .......... .......... .......... 25%  158M 2s
 48150K .......... .......... .......... .......... .......... 25%  138M 2s
 48200K .......... .......... .......... .......... .......... 25%  143M 2s
 48250K .......... .......... .......... .......... .......... 25%  148M 2s
 48300K .......... .......... .......... .......... .......... 25%  147M 2s
 48350K .......... .......... .......... .......... .......... 25%  122M 2s
 48400K .......... .......... .......... .......... .......... 25%  158M 2s
 48450K .......... .......... .......... .......... .......... 25%  158M 2s
 48500K .......... .......... .......... .......... .......... 25%  146M 2s
 48550K .......... .......... .......... .......... .......... 25%  128M 2s
 48600K .......... .......... .......... .......... .......... 25%  144M 2s
 48650K .......... .......... .......... .......... .......... 25%  155M 2s
 48700K .......... .......... .......... .......... .......... 25%  158M 2s
 48750K .......... .......... .......... .......... .......... 26%  119M 2s
 48800K .......... .......... .......... .......... .......... 26%  149M 2s
 48850K .......... .......... .......... .......... .......... 26%  155M 2s
 48900K .......... .......... .......... .......... .......... 26%  156M 2s
 48950K .......... .......... .......... .......... .......... 26%  141M 2s
 49000K .......... .......... .......... .......... .......... 26%  158M 2s
 49050K .......... .......... .......... .......... .......... 26%  147M 2s
 49100K .......... .......... .......... .......... .......... 26%  154M 2s
 49150K .......... .......... .......... .......... .......... 26%  129M 2s
 49200K .......... .......... .......... .......... .......... 26%  149M 2s
 49250K .......... .......... .......... .......... .......... 26%  153M 2s
 49300K .......... .......... .......... .......... .......... 26%  157M 2s
 49350K .......... .......... .......... .......... .......... 26%  141M 2s
 49400K .......... .......... .......... .......... .......... 26%  243M 2s
 49450K .......... .......... .......... .......... .......... 26%  274M 2s
 49500K .......... .......... .......... .......... .......... 26%  278M 2s
 49550K .......... .......... .......... .......... .......... 26%  240M 2s
 49600K .......... .......... .......... .......... .......... 26%  295M 2s
 49650K .......... .......... .......... .......... .......... 26%  273M 2s
 49700K .......... .......... .......... .......... .......... 26%  274M 2s
 49750K .......... .......... .......... .......... .......... 26%  265M 2s
 49800K .......... .......... .......... .......... .......... 26%  290M 2s
 49850K .......... .......... .......... .......... .......... 26%  281M 2s
 49900K .......... .......... .......... .......... .......... 26%  286M 2s
 49950K .......... .......... .......... .......... .......... 26%  234M 2s
 50000K .......... .......... .......... .......... .......... 26%  260M 2s
 50050K .......... .......... .......... .......... .......... 26%  290M 2s
 50100K .......... .......... .......... .......... .......... 26%  294M 2s
 50150K .......... .......... .......... .......... .......... 26%  241M 2s
 50200K .......... .......... .......... .......... .......... 26%  268M 2s
 50250K .......... .......... .......... .......... .......... 26%  276M 2s
 50300K .......... .......... .......... .......... .......... 26%  288M 2s
 50350K .......... .......... .......... .......... .......... 26%  229M 2s
 50400K .......... .......... .......... .......... .......... 26%  288M 2s
 50450K .......... .......... .......... .......... .......... 26%  270M 2s
 50500K .......... .......... .......... .......... .......... 26%  280M 2s
 50550K .......... .......... .......... .......... .......... 26%  246M 2s
 50600K .......... .......... .......... .......... .......... 27%  293M 2s
 50650K .......... .......... .......... .......... .......... 27%  269M 2s
 50700K .......... .......... .......... .......... .......... 27%  296M 2s
 50750K .......... .......... .......... .......... .......... 27%  212M 2s
 50800K .......... .......... .......... .......... .......... 27%  296M 2s
 50850K .......... .......... .......... .......... .......... 27%  297M 2s
 50900K .......... .......... .......... .......... .......... 27%  289M 2s
 50950K .......... .......... .......... .......... .......... 27%  267M 2s
 51000K .......... .......... .......... .......... .......... 27%  295M 2s
 51050K .......... .......... .......... .......... .......... 27%  277M 2s
 51100K .......... .......... .......... .......... .......... 27%  298M 2s
 51150K .......... .......... .......... .......... .......... 27%  261M 2s
 51200K .......... .......... .......... .......... .......... 27%  787K 2s
 51250K .......... .......... .......... .......... .......... 27%  126M 2s
 51300K .......... .......... .......... .......... .......... 27%  149M 2s
 51350K .......... .......... .......... .......... .......... 27%  128M 2s
 51400K .......... .......... .......... .......... .......... 27%  152M 2s
 51450K .......... .......... .......... .......... .......... 27%  136M 2s
 51500K .......... .......... .......... .......... .......... 27%  138M 2s
 51550K .......... .......... .......... .......... .......... 27%  107M 2s
 51600K .......... .......... .......... .......... .......... 27%  129M 2s
 51650K .......... .......... .......... .......... .......... 27%  130M 2s
 51700K .......... .......... .......... .......... .......... 27%  131M 2s
 51750K .......... .......... .......... .......... .......... 27%  108M 2s
 51800K .......... .......... .......... .......... .......... 27%  134M 2s
 51850K .......... .......... .......... .......... .......... 27%  130M 2s
 51900K .......... .......... .......... .......... .......... 27%  125M 2s
 51950K .......... .......... .......... .......... .......... 27%  106M 2s
 52000K .......... .......... .......... .......... .......... 27%  129M 2s
 52050K .......... .......... .......... .......... .......... 27%  133M 2s
 52100K .......... .......... .......... .......... .......... 27%  133M 2s
 52150K .......... .......... .......... .......... .......... 27%  112M 2s
 52200K .......... .......... .......... .......... .......... 27%  132M 2s
 52250K .......... .......... .......... .......... .......... 27%  121M 2s
 52300K .......... .......... .......... .......... .......... 27%  132M 2s
 52350K .......... .......... .......... .......... .......... 27%  104M 2s
 52400K .......... .......... .......... .......... .......... 27%  127M 2s
 52450K .......... .......... .......... .......... .......... 27%  133M 2s
 52500K .......... .......... .......... .......... .......... 28%  128M 2s
 52550K .......... .......... .......... .......... .......... 28%  119M 2s
 52600K .......... .......... .......... .......... .......... 28%  126M 2s
 52650K .......... .......... .......... .......... .......... 28%  126M 2s
 52700K .......... .......... .......... .......... .......... 28%  134M 2s
 52750K .......... .......... .......... .......... .......... 28%  104M 2s
 52800K .......... .......... .......... .......... .......... 28%  131M 2s
 52850K .......... .......... .......... .......... .......... 28%  136M 2s
 52900K .......... .......... .......... .......... .......... 28%  132M 2s
 52950K .......... .......... .......... .......... .......... 28%  119M 2s
 53000K .......... .......... .......... .......... .......... 28%  142M 2s
 53050K .......... .......... .......... .......... .......... 28%  126M 2s
 53100K .......... .......... .......... .......... .......... 28%  136M 2s
 53150K .......... .......... .......... .......... .......... 28%  107M 2s
 53200K .......... .......... .......... .......... .......... 28%  141M 2s
 53250K .......... .......... .......... .......... .......... 28%  140M 2s
 53300K .......... .......... .......... .......... .......... 28%  127M 2s
 53350K .......... .......... .......... .......... .......... 28%  120M 2s
 53400K .......... .......... .......... .......... .......... 28%  135M 2s
 53450K .......... .......... .......... .......... .......... 28%  137M 2s
 53500K .......... .......... .......... .......... .......... 28%  140M 2s
 53550K .......... .......... .......... .......... .......... 28%  114M 2s
 53600K .......... .......... .......... .......... .......... 28%  123M 2s
 53650K .......... .......... .......... .......... .......... 28%  135M 2s
 53700K .......... .......... .......... .......... .......... 28%  130M 2s
 53750K .......... .......... .......... .......... .......... 28%  122M 2s
 53800K .......... .......... .......... .......... .......... 28%  136M 2s
 53850K .......... .......... .......... .......... .......... 28%  141M 2s
 53900K .......... .......... .......... .......... .......... 28%  124M 2s
 53950K .......... .......... .......... .......... .......... 28% 81.9M 2s
 54000K .......... .......... .......... .......... .......... 28%  137M 2s
 54050K .......... .......... .......... .......... .......... 28%  136M 2s
 54100K .......... .......... .......... .......... .......... 28%  141M 2s
 54150K .......... .......... .......... .......... .......... 28%  116M 2s
 54200K .......... .......... .......... .......... .......... 28%  130M 2s
 54250K .......... .......... .......... .......... .......... 28%  136M 2s
 54300K .......... .......... .......... .......... .......... 28%  137M 2s
 54350K .......... .......... .......... .......... .......... 29% 80.8M 2s
 54400K .......... .......... .......... .......... .......... 29%  126M 2s
 54450K .......... .......... .......... .......... .......... 29%  125M 2s
 54500K .......... .......... .......... .......... .......... 29%  140M 2s
 54550K .......... .......... .......... .......... .......... 29%  117M 2s
 54600K .......... .......... .......... .......... .......... 29%  141M 2s
 54650K .......... .......... .......... .......... .......... 29%  142M 2s
 54700K .......... .......... .......... .......... .......... 29%  122M 2s
 54750K .......... .......... .......... .......... .......... 29%  115M 2s
 54800K .......... .......... .......... .......... .......... 29%  129M 2s
 54850K .......... .......... .......... .......... .......... 29%  131M 2s
 54900K .......... .......... .......... .......... .......... 29%  141M 2s
 54950K .......... .......... .......... .......... .......... 29%  121M 2s
 55000K .......... .......... .......... .......... .......... 29%  127M 2s
 55050K .......... .......... .......... .......... .......... 29%  101M 2s
 55100K .......... .......... .......... .......... .......... 29%  129M 2s
 55150K .......... .......... .......... .......... .......... 29%  118M 2s
 55200K .......... .......... .......... .......... .......... 29%  136M 2s
 55250K .......... .......... .......... .......... .......... 29%  128M 2s
 55300K .......... .......... .......... .......... .......... 29%  131M 2s
 55350K .......... .......... .......... .......... .......... 29%  121M 2s
 55400K .......... .......... .......... .......... .......... 29%  141M 2s
 55450K .......... .......... .......... .......... .......... 29%  136M 2s
 55500K .......... .......... .......... .......... .......... 29%  127M 2s
 55550K .......... .......... .......... .......... .......... 29%  103M 2s
 55600K .......... .......... .......... .......... .......... 29%  121M 2s
 55650K .......... .......... .......... .......... .......... 29%  141M 2s
 55700K .......... .......... .......... .......... .......... 29%  141M 2s
 55750K .......... .......... .......... .......... .......... 29%  125M 2s
 55800K .......... .......... .......... .......... .......... 29%  130M 2s
 55850K .......... .......... .......... .......... .......... 29%  121M 2s
 55900K .......... .......... .......... .......... .......... 29%  129M 2s
 55950K .......... .......... .......... .......... .......... 29%  120M 2s
 56000K .......... .......... .......... .......... .......... 29%  137M 2s
 56050K .......... .......... .......... .......... .......... 29%  133M 2s
 56100K .......... .......... .......... .......... .......... 29%  126M 2s
 56150K .......... .......... .......... .......... .......... 29%  118M 2s
 56200K .......... .......... .......... .......... .......... 29%  139M 2s
 56250K .......... .......... .......... .......... .......... 30%  137M 2s
 56300K .......... .......... .......... .......... .......... 30%  136M 2s
 56350K .......... .......... .......... .......... .......... 30%  112M 2s
 56400K .......... .......... .......... .......... .......... 30%  128M 2s
 56450K .......... .......... .......... .......... .......... 30%  139M 2s
 56500K .......... .......... .......... .......... .......... 30%  137M 2s
 56550K .......... .......... .......... .......... .......... 30%  124M 2s
 56600K .......... .......... .......... .......... .......... 30%  137M 2s
 56650K .......... .......... .......... .......... .......... 30%  128M 2s
 56700K .......... .......... .......... .......... .......... 30%  136M 2s
 56750K .......... .......... .......... .......... .......... 30%  117M 2s
 56800K .......... .......... .......... .......... .......... 30%  129M 2s
 56850K .......... .......... .......... .......... .......... 30%  133M 2s
 56900K .......... .......... .......... .......... .......... 30%  126M 2s
 56950K .......... .......... .......... .......... .......... 30%  126M 2s
 57000K .......... .......... .......... .......... .......... 30%  132M 2s
 57050K .......... .......... .......... .......... .......... 30%  132M 2s
 57100K .......... .......... .......... .......... .......... 30%  139M 2s
 57150K .......... .......... .......... .......... .......... 30%  110M 2s
 57200K .......... .......... .......... .......... .......... 30%  136M 2s
 57250K .......... .......... .......... .......... .......... 30%  140M 2s
 57300K .......... .......... .......... .......... .......... 30%  127M 2s
 57350K .......... .......... .......... .......... .......... 30%  123M 2s
 57400K .......... .......... .......... .......... .......... 30%  137M 2s
 57450K .......... .......... .......... .......... .......... 30%  130M 2s
 57500K .......... .......... .......... .......... .......... 30%  140M 2s
 57550K .......... .......... .......... .......... .......... 30%  116M 2s
 57600K .......... .......... .......... .......... .......... 30%  129M 2s
 57650K .......... .......... .......... .......... .......... 30%  139M 2s
 57700K .......... .......... .......... .......... .......... 30%  132M 2s
 57750K .......... .......... .......... .......... .......... 30%  129M 2s
 57800K .......... .......... .......... .......... .......... 30%  141M 2s
 57850K .......... .......... .......... .......... .......... 30%  131M 2s
 57900K .......... .......... .......... .......... .......... 30%  134M 2s
 57950K .......... .......... .......... .......... .......... 30%  119M 2s
 58000K .......... .......... .......... .......... .......... 30%  135M 2s
 58050K .......... .......... .......... .......... .......... 30%  142M 2s
 58100K .......... .......... .......... .......... .......... 31%  131M 2s
 58150K .......... .......... .......... .......... .......... 31%  121M 2s
 58200K .......... .......... .......... .......... .......... 31%  136M 2s
 58250K .......... .......... .......... .......... .......... 31%  130M 2s
 58300K .......... .......... .......... .......... .......... 31%  143M 2s
 58350K .......... .......... .......... .......... .......... 31%  113M 2s
 58400K .......... .......... .......... .......... .......... 31%  128M 2s
 58450K .......... .......... .......... .......... .......... 31%  151M 2s
 58500K .......... .......... .......... .......... .......... 31%  158M 2s
 58550K .......... .......... .......... .......... .......... 31%  135M 2s
 58600K .......... .......... .......... .......... .......... 31%  159M 2s
 58650K .......... .......... .......... .......... .......... 31%  153M 2s
 58700K .......... .......... .......... .......... .......... 31%  148M 2s
 58750K .......... .......... .......... .......... .......... 31%  129M 2s
 58800K .......... .......... .......... .......... .......... 31%  151M 2s
 58850K .......... .......... .......... .......... .......... 31%  152M 2s
 58900K .......... .......... .......... .......... .......... 31%  160M 2s
 58950K .......... .......... .......... .......... .......... 31%  133M 2s
 59000K .......... .......... .......... .......... .......... 31%  149M 2s
 59050K .......... .......... .......... .......... .......... 31%  153M 2s
 59100K .......... .......... .......... .......... .......... 31%  139M 2s
 59150K .......... .......... .......... .......... .......... 31%  129M 2s
 59200K .......... .......... .......... .......... .......... 31%  155M 2s
 59250K .......... .......... .......... .......... .......... 31%  152M 2s
 59300K .......... .......... .......... .......... .......... 31%  141M 2s
 59350K .......... .......... .......... .......... .......... 31%  134M 2s
 59400K .......... .......... .......... .......... .......... 31%  147M 2s
 59450K .......... .......... .......... .......... .......... 31%  147M 2s
 59500K .......... .......... .......... .......... .......... 31%  154M 2s
 59550K .......... .......... .......... .......... .......... 31%  123M 2s
 59600K .......... .......... .......... .......... .......... 31%  145M 2s
 59650K .......... .......... .......... .......... .......... 31%  148M 2s
 59700K .......... .......... .......... .......... .......... 31%  147M 2s
 59750K .......... .......... .......... .......... .......... 31%  134M 2s
 59800K .......... .......... .......... .......... .......... 31%  153M 2s
 59850K .......... .......... .......... .......... .......... 31%  145M 2s
 59900K .......... .......... .......... .......... .......... 31%  147M 2s
 59950K .......... .......... .......... .......... .......... 31%  125M 2s
 60000K .......... .......... .......... .......... .......... 32%  141M 2s
 60050K .......... .......... .......... .......... .......... 32%  149M 2s
 60100K .......... .......... .......... .......... .......... 32%  150M 2s
 60150K .......... .......... .......... .......... .......... 32%  132M 2s
 60200K .......... .......... .......... .......... .......... 32%  150M 2s
 60250K .......... .......... .......... .......... .......... 32%  151M 2s
 60300K .......... .......... .......... .......... .......... 32%  148M 2s
 60350K .......... .......... .......... .......... .......... 32%  127M 2s
 60400K .......... .......... .......... .......... .......... 32%  150M 2s
 60450K .......... .......... .......... .......... .......... 32%  143M 2s
 60500K .......... .......... .......... .......... .......... 32%  149M 2s
 60550K .......... .......... .......... .......... .......... 32%  134M 2s
 60600K .......... .......... .......... .......... .......... 32%  144M 2s
 60650K .......... .......... .......... .......... .......... 32%  141M 2s
 60700K .......... .......... .......... .......... .......... 32%  149M 2s
 60750K .......... .......... .......... .......... .......... 32%  128M 2s
 60800K .......... .......... .......... .......... .......... 32%  270M 2s
 60850K .......... .......... .......... .......... .......... 32%  257M 2s
 60900K .......... .......... .......... .......... .......... 32%  271M 2s
 60950K .......... .......... .......... .......... .......... 32%  238M 2s
 61000K .......... .......... .......... .......... .......... 32%  278M 2s
 61050K .......... .......... .......... .......... .......... 32%  287M 2s
 61100K .......... .......... .......... .......... .......... 32%  288M 2s
 61150K .......... .......... .......... .......... .......... 32%  237M 2s
 61200K .......... .......... .......... .......... .......... 32%  280M 2s
 61250K .......... .......... .......... .......... .......... 32%  267M 2s
 61300K .......... .......... .......... .......... .......... 32%  244M 2s
 61350K .......... .......... .......... .......... .......... 32%  253M 2s
 61400K .......... .......... .......... .......... .......... 32%  911K 2s
 61450K .......... .......... .......... .......... .......... 32%  126M 2s
 61500K .......... .......... .......... .......... .......... 32% 37.9M 2s
 61550K .......... .......... .......... .......... .......... 32%  138M 2s
 61600K .......... .......... .......... .......... .......... 32%  152M 2s
 61650K .......... .......... .......... .......... .......... 32%  141M 2s
 61700K .......... .......... .......... .......... .......... 32%  137M 2s
 61750K .......... .......... .......... .......... .......... 32%  151M 2s
 61800K .......... .......... .......... .......... .......... 32%  148M 2s
 61850K .......... .......... .......... .......... .......... 33%  144M 2s
 61900K .......... .......... .......... .......... .......... 33%  128M 2s
 61950K .......... .......... .......... .......... .......... 33%  140M 2s
 62000K .......... .......... .......... .......... .......... 33%  148M 2s
 62050K .......... .......... .......... .......... .......... 33%  148M 2s
 62100K .......... .......... .......... .......... .......... 33%  128M 2s
 62150K .......... .......... .......... .......... .......... 33%  151M 2s
 62200K .......... .......... .......... .......... .......... 33%  147M 2s
 62250K .......... .......... .......... .......... .......... 33%  142M 2s
 62300K .......... .......... .......... .......... .......... 33%  122M 2s
 62350K .......... .......... .......... .......... .......... 33%  145M 2s
 62400K .......... .......... .......... .......... .......... 33%  134M 2s
 62450K .......... .......... .......... .......... .......... 33%  138M 2s
 62500K .......... .......... .......... .......... .......... 33%  128M 2s
 62550K .......... .......... .......... .......... .......... 33%  145M 2s
 62600K .......... .......... .......... .......... .......... 33%  145M 2s
 62650K .......... .......... .......... .......... .......... 33%  139M 2s
 62700K .......... .......... .......... .......... .......... 33%  123M 2s
 62750K .......... .......... .......... .......... .......... 33%  155M 2s
 62800K .......... .......... .......... .......... .......... 33%  141M 2s
 62850K .......... .......... .......... .......... .......... 33%  146M 2s
 62900K .......... .......... .......... .......... .......... 33%  127M 2s
 62950K .......... .......... .......... .......... .......... 33%  150M 2s
 63000K .......... .......... .......... .......... .......... 33%  140M 2s
 63050K .......... .......... .......... .......... .......... 33%  149M 2s
 63100K .......... .......... .......... .......... .......... 33%  119M 2s
 63150K .......... .......... .......... .......... .......... 33%  149M 2s
 63200K .......... .......... .......... .......... .......... 33%  148M 2s
 63250K .......... .......... .......... .......... .......... 33%  143M 2s
 63300K .......... .......... .......... .......... .......... 33%  123M 2s
 63350K .......... .......... .......... .......... .......... 33%  144M 2s
 63400K .......... .......... .......... .......... .......... 33%  117M 2s
 63450K .......... .......... .......... .......... .......... 33%  142M 2s
 63500K .......... .......... .......... .......... .......... 33%  121M 2s
 63550K .......... .......... .......... .......... .......... 33%  145M 2s
 63600K .......... .......... .......... .......... .......... 33%  141M 2s
 63650K .......... .......... .......... .......... .......... 33%  137M 2s
 63700K .......... .......... .......... .......... .......... 33%  127M 2s
 63750K .......... .......... .......... .......... .......... 34%  144M 2s
 63800K .......... .......... .......... .......... .......... 34%  142M 2s
 63850K .......... .......... .......... .......... .......... 34%  138M 2s
 63900K .......... .......... .......... .......... .......... 34%  116M 2s
 63950K .......... .......... .......... .......... .......... 34%  142M 2s
 64000K .......... .......... .......... .......... .......... 34%  148M 2s
 64050K .......... .......... .......... .......... .......... 34%  138M 2s
 64100K .......... .......... .......... .......... .......... 34%  132M 2s
 64150K .......... .......... .......... .......... .......... 34%  142M 2s
 64200K .......... .......... .......... .......... .......... 34%  142M 2s
 64250K .......... .......... .......... .......... .......... 34%  145M 2s
 64300K .......... .......... .......... .......... .......... 34%  118M 2s
 64350K .......... .......... .......... .......... .......... 34%  138M 2s
 64400K .......... .......... .......... .......... .......... 34%  148M 2s
 64450K .......... .......... .......... .......... .......... 34%  144M 2s
 64500K .......... .......... .......... .......... .......... 34%  128M 2s
 64550K .......... .......... .......... .......... .......... 34%  146M 2s
 64600K .......... .......... .......... .......... .......... 34%  138M 2s
 64650K .......... .......... .......... .......... .......... 34%  143M 2s
 64700K .......... .......... .......... .......... .......... 34%  127M 2s
 64750K .......... .......... .......... .......... .......... 34%  144M 2s
 64800K .......... .......... .......... .......... .......... 34%  148M 2s
 64850K .......... .......... .......... .......... .......... 34%  135M 2s
 64900K .......... .......... .......... .......... .......... 34%  130M 2s
 64950K .......... .......... .......... .......... .......... 34%  146M 2s
 65000K .......... .......... .......... .......... .......... 34%  145M 2s
 65050K .......... .......... .......... .......... .......... 34%  138M 2s
 65100K .......... .......... .......... .......... .......... 34%  112M 2s
 65150K .......... .......... .......... .......... .......... 34%  134M 2s
 65200K .......... .......... .......... .......... .......... 34%  128M 2s
 65250K .......... .......... .......... .......... .......... 34%  132M 2s
 65300K .......... .......... .......... .......... .......... 34%  128M 2s
 65350K .......... .......... .......... .......... .......... 34%  142M 2s
 65400K .......... .......... .......... .......... .......... 34% 82.0M 2s
 65450K .......... .......... .......... .......... .......... 34%  150M 2s
 65500K .......... .......... .......... .......... .......... 34%  116M 2s
 65550K .......... .......... .......... .......... .......... 34%  146M 2s
 65600K .......... .......... .......... .......... .......... 35%  146M 2s
 65650K .......... .......... .......... .......... .......... 35%  149M 2s
 65700K .......... .......... .......... .......... .......... 35%  129M 2s
 65750K .......... .......... .......... .......... .......... 35%  151M 2s
 65800K .......... .......... .......... .......... .......... 35%  144M 2s
 65850K .......... .......... .......... .......... .......... 35%  140M 2s
 65900K .......... .......... .......... .......... .......... 35%  125M 2s
 65950K .......... .......... .......... .......... .......... 35%  153M 2s
 66000K .......... .......... .......... .......... .......... 35%  143M 2s
 66050K .......... .......... .......... .......... .......... 35%  152M 2s
 66100K .......... .......... .......... .......... .......... 35%  136M 2s
 66150K .......... .......... .......... .......... .......... 35%  154M 2s
 66200K .......... .......... .......... .......... .......... 35%  148M 2s
 66250K .......... .......... .......... .......... .......... 35%  153M 2s
 66300K .......... .......... .......... .......... .......... 35% 86.8M 2s
 66350K .......... .......... .......... .......... .......... 35%  141M 2s
 66400K .......... .......... .......... .......... .......... 35%  150M 2s
 66450K .......... .......... .......... .......... .......... 35%  149M 2s
 66500K .......... .......... .......... .......... .......... 35%  132M 2s
 66550K .......... .......... .......... .......... .......... 35%  133M 2s
 66600K .......... .......... .......... .......... .......... 35%  143M 2s
 66650K .......... .......... .......... .......... .......... 35%  148M 2s
 66700K .......... .......... .......... .......... .......... 35%  113M 2s
 66750K .......... .......... .......... .......... .......... 35%  149M 2s
 66800K .......... .......... .......... .......... .......... 35%  148M 2s
 66850K .......... .......... .......... .......... .......... 35%  135M 2s
 66900K .......... .......... .......... .......... .......... 35%  124M 2s
 66950K .......... .......... .......... .......... .......... 35%  139M 2s
 67000K .......... .......... .......... .......... .......... 35%  142M 2s
 67050K .......... .......... .......... .......... .......... 35%  149M 1s
 67100K .......... .......... .......... .......... .......... 35%  111M 1s
 67150K .......... .......... .......... .......... .......... 35%  140M 1s
 67200K .......... .......... .......... .......... .......... 35%  139M 1s
 67250K .......... .......... .......... .......... .......... 35%  137M 1s
 67300K .......... .......... .......... .......... .......... 35%  131M 1s
 67350K .......... .......... .......... .......... .......... 35%  149M 1s
 67400K .......... .......... .......... .......... .......... 35%  138M 1s
 67450K .......... .......... .......... .......... .......... 35%  148M 1s
 67500K .......... .......... .......... .......... .......... 36%  120M 1s
 67550K .......... .......... .......... .......... .......... 36%  147M 1s
 67600K .......... .......... .......... .......... .......... 36%  143M 1s
 67650K .......... .......... .......... .......... .......... 36%  141M 1s
 67700K .......... .......... .......... .......... .......... 36%  128M 1s
 67750K .......... .......... .......... .......... .......... 36%  145M 1s
 67800K .......... .......... .......... .......... .......... 36%  142M 1s
 67850K .......... .......... .......... .......... .......... 36%  150M 1s
 67900K .......... .......... .......... .......... .......... 36%  125M 1s
 67950K .......... .......... .......... .......... .......... 36%  146M 1s
 68000K .......... .......... .......... .......... .......... 36%  146M 1s
 68050K .......... .......... .......... .......... .......... 36%  147M 1s
 68100K .......... .......... .......... .......... .......... 36%  113M 1s
 68150K .......... .......... .......... .......... .......... 36%  135M 1s
 68200K .......... .......... .......... .......... .......... 36%  156M 1s
 68250K .......... .......... .......... .......... .......... 36%  147M 1s
 68300K .......... .......... .......... .......... .......... 36%  133M 1s
 68350K .......... .......... .......... .......... .......... 36%  149M 1s
 68400K .......... .......... .......... .......... .......... 36%  152M 1s
 68450K .......... .......... .......... .......... .......... 36%  154M 1s
 68500K .......... .......... .......... .......... .......... 36%  143M 1s
 68550K .......... .......... .......... .......... .......... 36%  153M 1s
 68600K .......... .......... .......... .......... .......... 36%  156M 1s
 68650K .......... .......... .......... .......... .......... 36%  145M 1s
 68700K .......... .......... .......... .......... .......... 36%  123M 1s
 68750K .......... .......... .......... .......... .......... 36%  155M 1s
 68800K .......... .......... .......... .......... .......... 36%  154M 1s
 68850K .......... .......... .......... .......... .......... 36%  154M 1s
 68900K .......... .......... .......... .......... .......... 36%  139M 1s
 68950K .......... .......... .......... .......... .......... 36%  146M 1s
 69000K .......... .......... .......... .......... .......... 36%  144M 1s
 69050K .......... .......... .......... .......... .......... 36%  144M 1s
 69100K .......... .......... .......... .......... .......... 36%  129M 1s
 69150K .......... .......... .......... .......... .......... 36%  144M 1s
 69200K .......... .......... .......... .......... .......... 36%  151M 1s
 69250K .......... .......... .......... .......... .......... 36%  148M 1s
 69300K .......... .......... .......... .......... .......... 36%  130M 1s
 69350K .......... .......... .......... .......... .......... 37%  148M 1s
 69400K .......... .......... .......... .......... .......... 37%  144M 1s
 69450K .......... .......... .......... .......... .......... 37% 92.8M 1s
 69500K .......... .......... .......... .......... .......... 37%  124M 1s
 69550K .......... .......... .......... .......... .......... 37%  145M 1s
 69600K .......... .......... .......... .......... .......... 37%  140M 1s
 69650K .......... .......... .......... .......... .......... 37%  154M 1s
 69700K .......... .......... .......... .......... .......... 37%  133M 1s
 69750K .......... .......... .......... .......... .......... 37%  159M 1s
 69800K .......... .......... .......... .......... .......... 37%  156M 1s
 69850K .......... .......... .......... .......... .......... 37%  148M 1s
 69900K .......... .......... .......... .......... .......... 37%  134M 1s
 69950K .......... .......... .......... .......... .......... 37%  157M 1s
 70000K .......... .......... .......... .......... .......... 37%  155M 1s
 70050K .......... .......... .......... .......... .......... 37%  158M 1s
 70100K .......... .......... .......... .......... .......... 37%  144M 1s
 70150K .......... .......... .......... .......... .......... 37%  155M 1s
 70200K .......... .......... .......... .......... .......... 37%  161M 1s
 70250K .......... .......... .......... .......... .......... 37%  151M 1s
 70300K .......... .......... .......... .......... .......... 37%  128M 1s
 70350K .......... .......... .......... .......... .......... 37%  156M 1s
 70400K .......... .......... .......... .......... .......... 37%  161M 1s
 70450K .......... .......... .......... .......... .......... 37%  153M 1s
 70500K .......... .......... .......... .......... .......... 37%  143M 1s
 70550K .......... .......... .......... .......... .......... 37%  156M 1s
 70600K .......... .......... .......... .......... .......... 37%  154M 1s
 70650K .......... .......... .......... .......... .......... 37%  158M 1s
 70700K .......... .......... .......... .......... .......... 37%  132M 1s
 70750K .......... .......... .......... .......... .......... 37%  153M 1s
 70800K .......... .......... .......... .......... .......... 37%  159M 1s
 70850K .......... .......... .......... .......... .......... 37%  150M 1s
 70900K .......... .......... .......... .......... .......... 37%  140M 1s
 70950K .......... .......... .......... .......... .......... 37%  158M 1s
 71000K .......... .......... .......... .......... .......... 37%  160M 1s
 71050K .......... .......... .......... .......... .......... 37%  143M 1s
 71100K .......... .......... .......... .......... .......... 37%  133M 1s
 71150K .......... .......... .......... .......... .......... 37%  165M 1s
 71200K .......... .......... .......... .......... .......... 37%  275M 1s
 71250K .......... .......... .......... .......... .......... 38%  276M 1s
 71300K .......... .......... .......... .......... .......... 38%  264M 1s
 71350K .......... .......... .......... .......... .......... 38%  282M 1s
 71400K .......... .......... .......... .......... .......... 38%  245M 1s
 71450K .......... .......... .......... .......... .......... 38%  292M 1s
 71500K .......... .......... .......... .......... .......... 38%  234M 1s
 71550K .......... .......... .......... .......... .......... 38%  285M 1s
 71600K .......... .......... .......... .......... .......... 38%  293M 1s
 71650K .......... .......... .......... .......... .......... 38%  894K 1s
 71700K .......... .......... .......... .......... .......... 38%  211M 1s
 71750K .......... .......... .......... .......... .......... 38%  154M 1s
 71800K .......... .......... .......... .......... .......... 38%  165M 1s
 71850K .......... .......... .......... .......... .......... 38%  157M 1s
 71900K .......... .......... .......... .......... .......... 38%  159M 1s
 71950K .......... .......... .......... .......... .......... 38% 96.5M 1s
 72000K .......... .......... .......... .......... .......... 38%  127M 1s
 72050K .......... .......... .......... .......... .......... 38% 82.5M 1s
 72100K .......... .......... .......... .......... .......... 38%  124M 1s
 72150K .......... .......... .......... .......... .......... 38%  113M 1s
 72200K .......... .......... .......... .......... .......... 38%  130M 1s
 72250K .......... .......... .......... .......... .......... 38%  137M 1s
 72300K .......... .......... .......... .......... .......... 38%  130M 1s
 72350K .......... .......... .......... .......... .......... 38%  110M 1s
 72400K .......... .......... .......... .......... .......... 38%  131M 1s
 72450K .......... .......... .......... .......... .......... 38%  121M 1s
 72500K .......... .......... .......... .......... .......... 38%  117M 1s
 72550K .......... .......... .......... .......... .......... 38%  115M 1s
 72600K .......... .......... .......... .......... .......... 38%  128M 1s
 72650K .......... .......... .......... .......... .......... 38%  129M 1s
 72700K .......... .......... .......... .......... .......... 38%  122M 1s
 72750K .......... .......... .......... .......... .......... 38%  105M 1s
 72800K .......... .......... .......... .......... .......... 38%  125M 1s
 72850K .......... .......... .......... .......... .......... 38%  133M 1s
 72900K .......... .......... .......... .......... .......... 38%  122M 1s
 72950K .......... .......... .......... .......... .......... 38%  113M 1s
 73000K .......... .......... .......... .......... .......... 38%  124M 1s
 73050K .......... .......... .......... .......... .......... 38%  126M 1s
 73100K .......... .......... .......... .......... .......... 39%  130M 1s
 73150K .......... .......... .......... .......... .......... 39% 98.5M 1s
 73200K .......... .......... .......... .......... .......... 39%  135M 1s
 73250K .......... .......... .......... .......... .......... 39%  124M 1s
 73300K .......... .......... .......... .......... .......... 39%  126M 1s
 73350K .......... .......... .......... .......... .......... 39%  120M 1s
 73400K .......... .......... .......... .......... .......... 39%  122M 1s
 73450K .......... .......... .......... .......... .......... 39%  133M 1s
 73500K .......... .......... .......... .......... .......... 39%  130M 1s
 73550K .......... .......... .......... .......... .......... 39%  106M 1s
 73600K .......... .......... .......... .......... .......... 39%  135M 1s
 73650K .......... .......... .......... .......... .......... 39%  125M 1s
 73700K .......... .......... .......... .......... .......... 39%  128M 1s
 73750K .......... .......... .......... .......... .......... 39%  128M 1s
 73800K .......... .......... .......... .......... .......... 39% 81.9M 1s
 73850K .......... .......... .......... .......... .......... 39%  133M 1s
 73900K .......... .......... .......... .......... .......... 39%  134M 1s
 73950K .......... .......... .......... .......... .......... 39%  119M 1s
 74000K .......... .......... .......... .......... .......... 39%  134M 1s
 74050K .......... .......... .......... .......... .......... 39%  132M 1s
 74100K .......... .......... .......... .......... .......... 39%  139M 1s
 74150K .......... .......... .......... .......... .......... 39%  126M 1s
 74200K .......... .......... .......... .......... .......... 39%  134M 1s
 74250K .......... .......... .......... .......... .......... 39%  143M 1s
 74300K .......... .......... .......... .......... .......... 39%  135M 1s
 74350K .......... .......... .......... .......... .......... 39%  112M 1s
 74400K .......... .......... .......... .......... .......... 39%  131M 1s
 74450K .......... .......... .......... .......... .......... 39%  131M 1s
 74500K .......... .......... .......... .......... .......... 39%  138M 1s
 74550K .......... .......... .......... .......... .......... 39%  129M 1s
 74600K .......... .......... .......... .......... .......... 39%  132M 1s
 74650K .......... .......... .......... .......... .......... 39%  137M 1s
 74700K .......... .......... .......... .......... .......... 39%  132M 1s
 74750K .......... .......... .......... .......... .......... 39%  112M 1s
 74800K .......... .......... .......... .......... .......... 39%  140M 1s
 74850K .......... .......... .......... .......... .......... 39%  132M 1s
 74900K .......... .......... .......... .......... .......... 39%  130M 1s
 74950K .......... .......... .......... .......... .......... 39%  117M 1s
 75000K .......... .......... .......... .......... .......... 40%  127M 1s
 75050K .......... .......... .......... .......... .......... 40%  140M 1s
 75100K .......... .......... .......... .......... .......... 40%  125M 1s
 75150K .......... .......... .......... .......... .......... 40%  108M 1s
 75200K .......... .......... .......... .......... .......... 40%  137M 1s
 75250K .......... .......... .......... .......... .......... 40%  133M 1s
 75300K .......... .......... .......... .......... .......... 40%  142M 1s
 75350K .......... .......... .......... .......... .......... 40%  129M 1s
 75400K .......... .......... .......... .......... .......... 40%  122M 1s
 75450K .......... .......... .......... .......... .......... 40%  131M 1s
 75500K .......... .......... .......... .......... .......... 40%  133M 1s
 75550K .......... .......... .......... .......... .......... 40%  117M 1s
 75600K .......... .......... .......... .......... .......... 40%  141M 1s
 75650K .......... .......... .......... .......... .......... 40%  131M 1s
 75700K .......... .......... .......... .......... .......... 40%  130M 1s
 75750K .......... .......... .......... .......... .......... 40%  112M 1s
 75800K .......... .......... .......... .......... .......... 40%  140M 1s
 75850K .......... .......... .......... .......... .......... 40%  136M 1s
 75900K .......... .......... .......... .......... .......... 40%  133M 1s
 75950K .......... .......... .......... .......... .......... 40%  120M 1s
 76000K .......... .......... .......... .......... .......... 40%  129M 1s
 76050K .......... .......... .......... .......... .......... 40%  139M 1s
 76100K .......... .......... .......... .......... .......... 40%  138M 1s
 76150K .......... .......... .......... .......... .......... 40%  119M 1s
 76200K .......... .......... .......... .......... .......... 40%  134M 1s
 76250K .......... .......... .......... .......... .......... 40%  136M 1s
 76300K .......... .......... .......... .......... .......... 40%  128M 1s
 76350K .......... .......... .......... .......... .......... 40%  113M 1s
 76400K .......... .......... .......... .......... .......... 40%  141M 1s
 76450K .......... .......... .......... .......... .......... 40%  138M 1s
 76500K .......... .......... .......... .......... .......... 40%  132M 1s
 76550K .......... .......... .......... .......... .......... 40%  123M 1s
 76600K .......... .......... .......... .......... .......... 40%  138M 1s
 76650K .......... .......... .......... .......... .......... 40%  141M 1s
 76700K .......... .......... .......... .......... .......... 40%  128M 1s
 76750K .......... .......... .......... .......... .......... 40%  116M 1s
 76800K .......... .......... .......... .......... .......... 40%  134M 1s
 76850K .......... .......... .......... .......... .......... 40%  134M 1s
 76900K .......... .......... .......... .......... .......... 41%  136M 1s
 76950K .......... .......... .......... .......... .......... 41%  122M 1s
 77000K .......... .......... .......... .......... .......... 41%  133M 1s
 77050K .......... .......... .......... .......... .......... 41%  143M 1s
 77100K .......... .......... .......... .......... .......... 41%  148M 1s
 77150K .......... .......... .......... .......... .......... 41%  129M 1s
 77200K .......... .......... .......... .......... .......... 41%  154M 1s
 77250K .......... .......... .......... .......... .......... 41%  149M 1s
 77300K .......... .......... .......... .......... .......... 41%  156M 1s
 77350K .......... .......... .......... .......... .......... 41%  141M 1s
 77400K .......... .......... .......... .......... .......... 41%  143M 1s
 77450K .......... .......... .......... .......... .......... 41%  159M 1s
 77500K .......... .......... .......... .......... .......... 41% 86.5M 1s
 77550K .......... .......... .......... .......... .......... 41%  115M 1s
 77600K .......... .......... .......... .......... .......... 41%  144M 1s
 77650K .......... .......... .......... .......... .......... 41%  139M 1s
 77700K .......... .......... .......... .......... .......... 41%  160M 1s
 77750K .......... .......... .......... .......... .......... 41%  141M 1s
 77800K .......... .......... .......... .......... .......... 41%  149M 1s
 77850K .......... .......... .......... .......... .......... 41%  153M 1s
 77900K .......... .......... .......... .......... .......... 41%  150M 1s
 77950K .......... .......... .......... .......... .......... 41%  121M 1s
 78000K .......... .......... .......... .......... .......... 41%  157M 1s
 78050K .......... .......... .......... .......... .......... 41%  156M 1s
 78100K .......... .......... .......... .......... .......... 41%  155M 1s
 78150K .......... .......... .......... .......... .......... 41%  135M 1s
 78200K .......... .......... .......... .......... .......... 41%  146M 1s
 78250K .......... .......... .......... .......... .......... 41%  142M 1s
 78300K .......... .......... .......... .......... .......... 41%  149M 1s
 78350K .......... .......... .......... .......... .......... 41%  129M 1s
 78400K .......... .......... .......... .......... .......... 41%  153M 1s
 78450K .......... .......... .......... .......... .......... 41%  149M 1s
 78500K .......... .......... .......... .......... .......... 41%  144M 1s
 78550K .......... .......... .......... .......... .......... 41%  130M 1s
 78600K .......... .......... .......... .......... .......... 41%  154M 1s
 78650K .......... .......... .......... .......... .......... 41%  149M 1s
 78700K .......... .......... .......... .......... .......... 41%  153M 1s
 78750K .......... .......... .......... .......... .......... 42%  126M 1s
 78800K .......... .......... .......... .......... .......... 42%  143M 1s
 78850K .......... .......... .......... .......... .......... 42%  148M 1s
 78900K .......... .......... .......... .......... .......... 42%  146M 1s
 78950K .......... .......... .......... .......... .......... 42%  131M 1s
 79000K .......... .......... .......... .......... .......... 42%  148M 1s
 79050K .......... .......... .......... .......... .......... 42%  150M 1s
 79100K .......... .......... .......... .......... .......... 42%  147M 1s
 79150K .......... .......... .......... .......... .......... 42%  119M 1s
 79200K .......... .......... .......... .......... .......... 42%  151M 1s
 79250K .......... .......... .......... .......... .......... 42%  151M 1s
 79300K .......... .......... .......... .......... .......... 42%  144M 1s
 79350K .......... .......... .......... .......... .......... 42%  131M 1s
 79400K .......... .......... .......... .......... .......... 42%  149M 1s
 79450K .......... .......... .......... .......... .......... 42%  140M 1s
 79500K .......... .......... .......... .......... .......... 42%  149M 1s
 79550K .......... .......... .......... .......... .......... 42%  113M 1s
 79600K .......... .......... .......... .......... .......... 42%  150M 1s
 79650K .......... .......... .......... .......... .......... 42%  155M 1s
 79700K .......... .......... .......... .......... .......... 42%  270M 1s
 79750K .......... .......... .......... .......... .......... 42%  229M 1s
 79800K .......... .......... .......... .......... .......... 42%  272M 1s
 79850K .......... .......... .......... .......... .......... 42%  259M 1s
 79900K .......... .......... .......... .......... .......... 42%  287M 1s
 79950K .......... .......... .......... .......... .......... 42%  213M 1s
 80000K .......... .......... .......... .......... .......... 42%  247M 1s
 80050K .......... .......... .......... .......... .......... 42%  266M 1s
 80100K .......... .......... .......... .......... .......... 42%  267M 1s
 80150K .......... .......... .......... .......... .......... 42%  237M 1s
 80200K .......... .......... .......... .......... .......... 42%  272M 1s
 80250K .......... .......... .......... .......... .......... 42%  231M 1s
 80300K .......... .......... .......... .......... .......... 42%  254M 1s
 80350K .......... .......... .......... .......... .......... 42%  221M 1s
 80400K .......... .......... .......... .......... .......... 42%  254M 1s
 80450K .......... .......... .......... .......... .......... 42%  273M 1s
 80500K .......... .......... .......... .......... .......... 42%  255M 1s
 80550K .......... .......... .......... .......... .......... 42%  246M 1s
 80600K .......... .......... .......... .......... .......... 42%  268M 1s
 80650K .......... .......... .......... .......... .......... 43%  277M 1s
 80700K .......... .......... .......... .......... .......... 43%  274M 1s
 80750K .......... .......... .......... .......... .......... 43%  220M 1s
 80800K .......... .......... .......... .......... .......... 43%  266M 1s
 80850K .......... .......... .......... .......... .......... 43%  269M 1s
 80900K .......... .......... .......... .......... .......... 43%  276M 1s
 80950K .......... .......... .......... .......... .......... 43%  250M 1s
 81000K .......... .......... .......... .......... .......... 43%  280M 1s
 81050K .......... .......... .......... .......... .......... 43%  253M 1s
 81100K .......... .......... .......... .......... .......... 43%  274M 1s
 81150K .......... .......... .......... .......... .......... 43%  232M 1s
 81200K .......... .......... .......... .......... .......... 43%  276M 1s
 81250K .......... .......... .......... .......... .......... 43%  284M 1s
 81300K .......... .......... .......... .......... .......... 43%  256M 1s
 81350K .......... .......... .......... .......... .......... 43%  244M 1s
 81400K .......... .......... .......... .......... .......... 43%  280M 1s
 81450K .......... .......... .......... .......... .......... 43%  276M 1s
 81500K .......... .......... .......... .......... .......... 43%  275M 1s
 81550K .......... .......... .......... .......... .......... 43%  226M 1s
 81600K .......... .......... .......... .......... .......... 43%  264M 1s
 81650K .......... .......... .......... .......... .......... 43%  275M 1s
 81700K .......... .......... .......... .......... .......... 43%  279M 1s
 81750K .......... .......... .......... .......... .......... 43%  249M 1s
 81800K .......... .......... .......... .......... .......... 43%  270M 1s
 81850K .......... .......... .......... .......... .......... 43%  256M 1s
 81900K .......... .......... .......... .......... .......... 43%  218K 2s
 81950K .......... .......... .......... .......... .......... 43% 77.3M 2s
 82000K .......... .......... .......... .......... .......... 43%  248M 2s
 82050K .......... .......... .......... .......... .......... 43%  209M 2s
 82100K .......... .......... .......... .......... .......... 43% 56.3M 2s
 82150K .......... .......... .......... .......... .......... 43%  110M 2s
 82200K .......... .......... .......... .......... .......... 43%  129M 2s
 82250K .......... .......... .......... .......... .......... 43%  131M 2s
 82300K .......... .......... .......... .......... .......... 43%  134M 2s
 82350K .......... .......... .......... .......... .......... 43%  110M 2s
 82400K .......... .......... .......... .......... .......... 43%  125M 2s
 82450K .......... .......... .......... .......... .......... 43%  124M 2s
 82500K .......... .......... .......... .......... .......... 44%  140M 2s
 82550K .......... .......... .......... .......... .......... 44%  115M 2s
 82600K .......... .......... .......... .......... .......... 44%  130M 2s
 82650K .......... .......... .......... .......... .......... 44%  127M 2s
 82700K .......... .......... .......... .......... .......... 44%  125M 2s
 82750K .......... .......... .......... .......... .......... 44%  107M 2s
 82800K .......... .......... .......... .......... .......... 44%  102M 2s
 82850K .......... .......... .......... .......... .......... 44%  131M 2s
 82900K .......... .......... .......... .......... .......... 44%  137M 2s
 82950K .......... .......... .......... .......... .......... 44%  120M 2s
 83000K .......... .......... .......... .......... .......... 44%  139M 2s
 83050K .......... .......... .......... .......... .......... 44%  135M 2s
 83100K .......... .......... .......... .......... .......... 44%  131M 2s
 83150K .......... .......... .......... .......... .......... 44%  110M 2s
 83200K .......... .......... .......... .......... .......... 44%  130M 2s
 83250K .......... .......... .......... .......... .......... 44%  131M 2s
 83300K .......... .......... .......... .......... .......... 44%  129M 2s
 83350K .......... .......... .......... .......... .......... 44%  126M 2s
 83400K .......... .......... .......... .......... .......... 44%  138M 2s
 83450K .......... .......... .......... .......... .......... 44%  129M 2s
 83500K .......... .......... .......... .......... .......... 44%  134M 2s
 83550K .......... .......... .......... .......... .......... 44%  114M 2s
 83600K .......... .......... .......... .......... .......... 44%  129M 2s
 83650K .......... .......... .......... .......... .......... 44%  135M 2s
 83700K .......... .......... .......... .......... .......... 44%  121M 2s
 83750K .......... .......... .......... .......... .......... 44%  125M 2s
 83800K .......... .......... .......... .......... .......... 44%  133M 2s
 83850K .......... .......... .......... .......... .......... 44%  132M 2s
 83900K .......... .......... .......... .......... .......... 44%  138M 2s
 83950K .......... .......... .......... .......... .......... 44%  110M 2s
 84000K .......... .......... .......... .......... .......... 44%  139M 2s
 84050K .......... .......... .......... .......... .......... 44%  143M 2s
 84100K .......... .......... .......... .......... .......... 44%  133M 2s
 84150K .......... .......... .......... .......... .......... 44%  126M 2s
 84200K .......... .......... .......... .......... .......... 44%  134M 2s
 84250K .......... .......... .......... .......... .......... 44%  138M 2s
 84300K .......... .......... .......... .......... .......... 44%  134M 2s
 84350K .......... .......... .......... .......... .......... 44%  119M 2s
 84400K .......... .......... .......... .......... .......... 45%  134M 2s
 84450K .......... .......... .......... .......... .......... 45%  136M 2s
 84500K .......... .......... .......... .......... .......... 45%  134M 2s
 84550K .......... .......... .......... .......... .......... 45%  129M 2s
 84600K .......... .......... .......... .......... .......... 45%  135M 2s
 84650K .......... .......... .......... .......... .......... 45%  134M 2s
 84700K .......... .......... .......... .......... .......... 45%  137M 2s
 84750K .......... .......... .......... .......... .......... 45%  120M 2s
 84800K .......... .......... .......... .......... .......... 45%  131M 2s
 84850K .......... .......... .......... .......... .......... 45%  142M 2s
 84900K .......... .......... .......... .......... .......... 45%  133M 1s
 84950K .......... .......... .......... .......... .......... 45%  123M 1s
 85000K .......... .......... .......... .......... .......... 45%  144M 1s
 85050K .......... .......... .......... .......... .......... 45%  134M 1s
 85100K .......... .......... .......... .......... .......... 45%  134M 1s
 85150K .......... .......... .......... .......... .......... 45%  118M 1s
 85200K .......... .......... .......... .......... .......... 45%  142M 1s
 85250K .......... .......... .......... .......... .......... 45%  138M 1s
 85300K .......... .......... .......... .......... .......... 45%  142M 1s
 85350K .......... .......... .......... .......... .......... 45%  127M 1s
 85400K .......... .......... .......... .......... .......... 45%  134M 1s
 85450K .......... .......... .......... .......... .......... 45%  136M 1s
 85500K .......... .......... .......... .......... .......... 45%  133M 1s
 85550K .......... .......... .......... .......... .......... 45%  107M 1s
 85600K .......... .......... .......... .......... .......... 45%  134M 1s
 85650K .......... .......... .......... .......... .......... 45%  139M 1s
 85700K .......... .......... .......... .......... .......... 45%  139M 1s
 85750K .......... .......... .......... .......... .......... 45%  116M 1s
 85800K .......... .......... .......... .......... .......... 45%  146M 1s
 85850K .......... .......... .......... .......... .......... 45%  136M 1s
 85900K .......... .......... .......... .......... .......... 45%  141M 1s
 85950K .......... .......... .......... .......... .......... 45%  116M 1s
 86000K .......... .......... .......... .......... .......... 45%  134M 1s
 86050K .......... .......... .......... .......... .......... 45% 88.2M 1s
 86100K .......... .......... .......... .......... .......... 45%  138M 1s
 86150K .......... .......... .......... .......... .......... 45%  125M 1s
 86200K .......... .......... .......... .......... .......... 45%  138M 1s
 86250K .......... .......... .......... .......... .......... 46%  131M 1s
 86300K .......... .......... .......... .......... .......... 46%  130M 1s
 86350K .......... .......... .......... .......... .......... 46%  115M 1s
 86400K .......... .......... .......... .......... .......... 46%  145M 1s
 86450K .......... .......... .......... .......... .......... 46%  134M 1s
 86500K .......... .......... .......... .......... .......... 46%  136M 1s
 86550K .......... .......... .......... .......... .......... 46%  109M 1s
 86600K .......... .......... .......... .......... .......... 46%  139M 1s
 86650K .......... .......... .......... .......... .......... 46%  139M 1s
 86700K .......... .......... .......... .......... .......... 46%  141M 1s
 86750K .......... .......... .......... .......... .......... 46%  112M 1s
 86800K .......... .......... .......... .......... .......... 46%  140M 1s
 86850K .......... .......... .......... .......... .......... 46%  132M 1s
 86900K .......... .......... .......... .......... .......... 46%  133M 1s
 86950K .......... .......... .......... .......... .......... 46%  129M 1s
 87000K .......... .......... .......... .......... .......... 46%  136M 1s
 87050K .......... .......... .......... .......... .......... 46%  136M 1s
 87100K .......... .......... .......... .......... .......... 46%  143M 1s
 87150K .......... .......... .......... .......... .......... 46%  111M 1s
 87200K .......... .......... .......... .......... .......... 46%  143M 1s
 87250K .......... .......... .......... .......... .......... 46%  134M 1s
 87300K .......... .......... .......... .......... .......... 46%  132M 1s
 87350K .......... .......... .......... .......... .......... 46%  121M 1s
 87400K .......... .......... .......... .......... .......... 46%  135M 1s
 87450K .......... .......... .......... .......... .......... 46%  135M 1s
 87500K .......... .......... .......... .......... .......... 46%  130M 1s
 87550K .......... .......... .......... .......... .......... 46%  110M 1s
 87600K .......... .......... .......... .......... .......... 46%  134M 1s
 87650K .......... .......... .......... .......... .......... 46%  138M 1s
 87700K .......... .......... .......... .......... .......... 46%  135M 1s
 87750K .......... .......... .......... .......... .......... 46%  123M 1s
 87800K .......... .......... .......... .......... .......... 46%  136M 1s
 87850K .......... .......... .......... .......... .......... 46%  134M 1s
 87900K .......... .......... .......... .......... .......... 46%  141M 1s
 87950K .......... .......... .......... .......... .......... 46%  112M 1s
 88000K .......... .......... .......... .......... .......... 46%  134M 1s
 88050K .......... .......... .......... .......... .......... 46%  137M 1s
 88100K .......... .......... .......... .......... .......... 46%  139M 1s
 88150K .......... .......... .......... .......... .......... 47%  125M 1s
 88200K .......... .......... .......... .......... .......... 47%  139M 1s
 88250K .......... .......... .......... .......... .......... 47%  134M 1s
 88300K .......... .......... .......... .......... .......... 47%  135M 1s
 88350K .......... .......... .......... .......... .......... 47%  115M 1s
 88400K .......... .......... .......... .......... .......... 47%  138M 1s
 88450K .......... .......... .......... .......... .......... 47%  140M 1s
 88500K .......... .......... .......... .......... .......... 47%  137M 1s
 88550K .......... .......... .......... .......... .......... 47% 98.9M 1s
 88600K .......... .......... .......... .......... .......... 47%  143M 1s
 88650K .......... .......... .......... .......... .......... 47%  133M 1s
 88700K .......... .......... .......... .......... .......... 47%  132M 1s
 88750K .......... .......... .......... .......... .......... 47%  116M 1s
 88800K .......... .......... .......... .......... .......... 47%  140M 1s
 88850K .......... .......... .......... .......... .......... 47%  140M 1s
 88900K .......... .......... .......... .......... .......... 47%  127M 1s
 88950K .......... .......... .......... .......... .......... 47%  129M 1s
 89000K .......... .......... .......... .......... .......... 47%  134M 1s
 89050K .......... .......... .......... .......... .......... 47%  140M 1s
 89100K .......... .......... .......... .......... .......... 47%  131M 1s
 89150K .......... .......... .......... .......... .......... 47%  113M 1s
 89200K .......... .......... .......... .......... .......... 47%  143M 1s
 89250K .......... .......... .......... .......... .......... 47%  153M 1s
 89300K .......... .......... .......... .......... .......... 47%  141M 1s
 89350K .......... .......... .......... .......... .......... 47%  143M 1s
 89400K .......... .......... .......... .......... .......... 47%  149M 1s
 89450K .......... .......... .......... .......... .......... 47%  151M 1s
 89500K .......... .......... .......... .......... .......... 47%  157M 1s
 89550K .......... .......... .......... .......... .......... 47%  134M 1s
 89600K .......... .......... .......... .......... .......... 47%  142M 1s
 89650K .......... .......... .......... .......... .......... 47%  139M 1s
 89700K .......... .......... .......... .......... .......... 47%  155M 1s
 89750K .......... .......... .......... .......... .......... 47%  132M 1s
 89800K .......... .......... .......... .......... .......... 47%  156M 1s
 89850K .......... .......... .......... .......... .......... 47%  156M 1s
 89900K .......... .......... .......... .......... .......... 47%  147M 1s
 89950K .......... .......... .......... .......... .......... 47%  127M 1s
 90000K .......... .......... .......... .......... .......... 48%  147M 1s
 90050K .......... .......... .......... .......... .......... 48%  158M 1s
 90100K .......... .......... .......... .......... .......... 48%  152M 1s
 90150K .......... .......... .......... .......... .......... 48%  146M 1s
 90200K .......... .......... .......... .......... .......... 48%  156M 1s
 90250K .......... .......... .......... .......... .......... 48%  153M 1s
 90300K .......... .......... .......... .......... .......... 48%  152M 1s
 90350K .......... .......... .......... .......... .......... 48%  124M 1s
 90400K .......... .......... .......... .......... .......... 48%  157M 1s
 90450K .......... .......... .......... .......... .......... 48%  162M 1s
 90500K .......... .......... .......... .......... .......... 48%  160M 1s
 90550K .......... .......... .......... .......... .......... 48%  140M 1s
 90600K .......... .......... .......... .......... .......... 48%  158M 1s
 90650K .......... .......... .......... .......... .......... 48%  161M 1s
 90700K .......... .......... .......... .......... .......... 48%  156M 1s
 90750K .......... .......... .......... .......... .......... 48%  135M 1s
 90800K .......... .......... .......... .......... .......... 48%  162M 1s
 90850K .......... .......... .......... .......... .......... 48%  150M 1s
 90900K .......... .......... .......... .......... .......... 48%  160M 1s
 90950K .......... .......... .......... .......... .......... 48%  145M 1s
 91000K .......... .......... .......... .......... .......... 48%  151M 1s
 91050K .......... .......... .......... .......... .......... 48%  160M 1s
 91100K .......... .......... .......... .......... .......... 48%  161M 1s
 91150K .......... .......... .......... .......... .......... 48%  132M 1s
 91200K .......... .......... .......... .......... .......... 48%  158M 1s
 91250K .......... .......... .......... .......... .......... 48%  160M 1s
 91300K .......... .......... .......... .......... .......... 48%  153M 1s
 91350K .......... .......... .......... .......... .......... 48%  144M 1s
 91400K .......... .......... .......... .......... .......... 48%  161M 1s
 91450K .......... .......... .......... .......... .......... 48%  155M 1s
 91500K .......... .......... .......... .......... .......... 48%  162M 1s
 91550K .......... .......... .......... .......... .......... 48%  134M 1s
 91600K .......... .......... .......... .......... .......... 48%  157M 1s
 91650K .......... .......... .......... .......... .......... 48%  167M 1s
 91700K .......... .......... .......... .......... .......... 48%  294M 1s
 91750K .......... .......... .......... .......... .......... 48%  270M 1s
 91800K .......... .......... .......... .......... .......... 48%  278M 1s
 91850K .......... .......... .......... .......... .......... 48%  277M 1s
 91900K .......... .......... .......... .......... .......... 49%  291M 1s
 91950K .......... .......... .......... .......... .......... 49%  242M 1s
 92000K .......... .......... .......... .......... .......... 49%  292M 1s
 92050K .......... .......... .......... .......... .......... 49%  288M 1s
 92100K .......... .......... .......... .......... .......... 49%  290M 1s
 92150K .......... .......... .......... .......... .......... 49%  871K 1s
 92200K .......... .......... .......... .......... .......... 49%  108M 1s
 92250K .......... .......... .......... .......... .......... 49%  260M 1s
 92300K .......... .......... .......... .......... .......... 49%  212M 1s
 92350K .......... .......... .......... .......... .......... 49%  277M 1s
 92400K .......... .......... .......... .......... .......... 49% 36.6M 1s
 92450K .......... .......... .......... .......... .......... 49%  125M 1s
 92500K .......... .......... .......... .......... .......... 49%  123M 1s
 92550K .......... .......... .......... .......... .......... 49%  141M 1s
 92600K .......... .......... .......... .......... .......... 49% 84.7M 1s
 92650K .......... .......... .......... .......... .......... 49%  140M 1s
 92700K .......... .......... .......... .......... .......... 49%  110M 1s
 92750K .......... .......... .......... .......... .......... 49%  135M 1s
 92800K .......... .......... .......... .......... .......... 49% 91.7M 1s
 92850K .......... .......... .......... .......... .......... 49%  135M 1s
 92900K .......... .......... .......... .......... .......... 49%  128M 1s
 92950K .......... .......... .......... .......... .......... 49%  129M 1s
 93000K .......... .......... .......... .......... .......... 49%  127M 1s
 93050K .......... .......... .......... .......... .......... 49%  140M 1s
 93100K .......... .......... .......... .......... .......... 49%  108M 1s
 93150K .......... .......... .......... .......... .......... 49%  138M 1s
 93200K .......... .......... .......... .......... .......... 49%  128M 1s
 93250K .......... .......... .......... .......... .......... 49%  137M 1s
 93300K .......... .......... .......... .......... .......... 49%  126M 1s
 93350K .......... .......... .......... .......... .......... 49%  132M 1s
 93400K .......... .......... .......... .......... .......... 49%  134M 1s
 93450K .......... .......... .......... .......... .......... 49%  130M 1s
 93500K .......... .......... .......... .......... .......... 49%  113M 1s
 93550K .......... .......... .......... .......... .......... 49%  138M 1s
 93600K .......... .......... .......... .......... .......... 49%  132M 1s
 93650K .......... .......... .......... .......... .......... 49%  136M 1s
 93700K .......... .......... .......... .......... .......... 49%  123M 1s
 93750K .......... .......... .......... .......... .......... 50%  128M 1s
 93800K .......... .......... .......... .......... .......... 50%  131M 1s
 93850K .......... .......... .......... .......... .......... 50%  128M 1s
 93900K .......... .......... .......... .......... .......... 50%  112M 1s
 93950K .......... .......... .......... .......... .......... 50%  133M 1s
 94000K .......... .......... .......... .......... .......... 50%  127M 1s
 94050K .......... .......... .......... .......... .......... 50%  141M 1s
 94100K .......... .......... .......... .......... .......... 50%  124M 1s
 94150K .......... .......... .......... .......... .......... 50%  138M 1s
 94200K .......... .......... .......... .......... .......... 50%  129M 1s
 94250K .......... .......... .......... .......... .......... 50%  135M 1s
 94300K .......... .......... .......... .......... .......... 50%  114M 1s
 94350K .......... .......... .......... .......... .......... 50%  142M 1s
 94400K .......... .......... .......... .......... .......... 50%  133M 1s
 94450K .......... .......... .......... .......... .......... 50%  140M 1s
 94500K .......... .......... .......... .......... .......... 50%  119M 1s
 94550K .......... .......... .......... .......... .......... 50%  136M 1s
 94600K .......... .......... .......... .......... .......... 50%  142M 1s
 94650K .......... .......... .......... .......... .......... 50%  130M 1s
 94700K .......... .......... .......... .......... .......... 50%  114M 1s
 94750K .......... .......... .......... .......... .......... 50%  138M 1s
 94800K .......... .......... .......... .......... .......... 50%  135M 1s
 94850K .......... .......... .......... .......... .......... 50%  140M 1s
 94900K .......... .......... .......... .......... .......... 50%  123M 1s
 94950K .......... .......... .......... .......... .......... 50%  129M 1s
 95000K .......... .......... .......... .......... .......... 50%  131M 1s
 95050K .......... .......... .......... .......... .......... 50%  135M 1s
 95100K .......... .......... .......... .......... .......... 50%  116M 1s
 95150K .......... .......... .......... .......... .......... 50%  131M 1s
 95200K .......... .......... .......... .......... .......... 50%  137M 1s
 95250K .......... .......... .......... .......... .......... 50%  138M 1s
 95300K .......... .......... .......... .......... .......... 50%  128M 1s
 95350K .......... .......... .......... .......... .......... 50%  139M 1s
 95400K .......... .......... .......... .......... .......... 50%  142M 1s
 95450K .......... .......... .......... .......... .......... 50%  142M 1s
 95500K .......... .......... .......... .......... .......... 50%  104M 1s
 95550K .......... .......... .......... .......... .......... 50%  136M 1s
 95600K .......... .......... .......... .......... .......... 50%  136M 1s
 95650K .......... .......... .......... .......... .......... 51%  135M 1s
 95700K .......... .......... .......... .......... .......... 51%  124M 1s
 95750K .......... .......... .......... .......... .......... 51%  129M 1s
 95800K .......... .......... .......... .......... .......... 51%  132M 1s
 95850K .......... .......... .......... .......... .......... 51%  134M 1s
 95900K .......... .......... .......... .......... .......... 51%  117M 1s
 95950K .......... .......... .......... .......... .......... 51%  135M 1s
 96000K .......... .......... .......... .......... .......... 51%  134M 1s
 96050K .......... .......... .......... .......... .......... 51%  134M 1s
 96100K .......... .......... .......... .......... .......... 51%  119M 1s
 96150K .......... .......... .......... .......... .......... 51%  137M 1s
 96200K .......... .......... .......... .......... .......... 51%  137M 1s
 96250K .......... .......... .......... .......... .......... 51%  134M 1s
 96300K .......... .......... .......... .......... .......... 51%  119M 1s
 96350K .......... .......... .......... .......... .......... 51%  141M 1s
 96400K .......... .......... .......... .......... .......... 51%  122M 1s
 96450K .......... .......... .......... .......... .......... 51%  140M 1s
 96500K .......... .......... .......... .......... .......... 51%  121M 1s
 96550K .......... .......... .......... .......... .......... 51%  137M 1s
 96600K .......... .......... .......... .......... .......... 51%  129M 1s
 96650K .......... .......... .......... .......... .......... 51%  133M 1s
 96700K .......... .......... .......... .......... .......... 51%  112M 1s
 96750K .......... .......... .......... .......... .......... 51%  138M 1s
 96800K .......... .......... .......... .......... .......... 51%  133M 1s
 96850K .......... .......... .......... .......... .......... 51%  137M 1s
 96900K .......... .......... .......... .......... .......... 51%  118M 1s
 96950K .......... .......... .......... .......... .......... 51%  137M 1s
 97000K .......... .......... .......... .......... .......... 51%  126M 1s
 97050K .......... .......... .......... .......... .......... 51%  133M 1s
 97100K .......... .......... .......... .......... .......... 51%  120M 1s
 97150K .......... .......... .......... .......... .......... 51%  133M 1s
 97200K .......... .......... .......... .......... .......... 51%  129M 1s
 97250K .......... .......... .......... .......... .......... 51%  137M 1s
 97300K .......... .......... .......... .......... .......... 51%  126M 1s
 97350K .......... .......... .......... .......... .......... 51%  129M 1s
 97400K .......... .......... .......... .......... .......... 51%  145M 1s
 97450K .......... .......... .......... .......... .......... 51%  147M 1s
 97500K .......... .......... .......... .......... .......... 52%  124M 1s
 97550K .......... .......... .......... .......... .......... 52% 92.8M 1s
 97600K .......... .......... .......... .......... .......... 52%  157M 1s
 97650K .......... .......... .......... .......... .......... 52%  156M 1s
 97700K .......... .......... .......... .......... .......... 52% 88.1M 1s
 97750K .......... .......... .......... .......... .......... 52%  154M 1s
 97800K .......... .......... .......... .......... .......... 52%  154M 1s
 97850K .......... .......... .......... .......... .......... 52%  155M 1s
 97900K .......... .......... .......... .......... .......... 52%  135M 1s
 97950K .......... .......... .......... .......... .......... 52%  149M 1s
 98000K .......... .......... .......... .......... .......... 52%  146M 1s
 98050K .......... .......... .......... .......... .......... 52%  140M 1s
 98100K .......... .......... .......... .......... .......... 52%  141M 1s
 98150K .......... .......... .......... .......... .......... 52%  137M 1s
 98200K .......... .......... .......... .......... .......... 52%  145M 1s
 98250K .......... .......... .......... .......... .......... 52%  154M 1s
 98300K .......... .......... .......... .......... .......... 52%  123M 1s
 98350K .......... .......... .......... .......... .......... 52%  149M 1s
 98400K .......... .......... .......... .......... .......... 52%  140M 1s
 98450K .......... .......... .......... .......... .......... 52%  121M 1s
 98500K .......... .......... .......... .......... .......... 52%  140M 1s
 98550K .......... .......... .......... .......... .......... 52%  140M 1s
 98600K .......... .......... .......... .......... .......... 52%  147M 1s
 98650K .......... .......... .......... .......... .......... 52%  144M 1s
 98700K .......... .......... .......... .......... .......... 52%  112M 1s
 98750K .......... .......... .......... .......... .......... 52%  151M 1s
 98800K .......... .......... .......... .......... .......... 52%  145M 1s
 98850K .......... .......... .......... .......... .......... 52%  147M 1s
 98900K .......... .......... .......... .......... .......... 52%  119M 1s
 98950K .......... .......... .......... .......... .......... 52%  155M 1s
 99000K .......... .......... .......... .......... .......... 52%  134M 1s
 99050K .......... .......... .......... .......... .......... 52%  148M 1s
 99100K .......... .......... .......... .......... .......... 52%  128M 1s
 99150K .......... .......... .......... .......... .......... 52%  141M 1s
 99200K .......... .......... .......... .......... .......... 52%  156M 1s
 99250K .......... .......... .......... .......... .......... 52%  156M 1s
 99300K .......... .......... .......... .......... .......... 52%  131M 1s
 99350K .......... .......... .......... .......... .......... 52%  147M 1s
 99400K .......... .......... .......... .......... .......... 53%  156M 1s
 99450K .......... .......... .......... .......... .......... 53%  152M 1s
 99500K .......... .......... .......... .......... .......... 53%  122M 1s
 99550K .......... .......... .......... .......... .......... 53%  150M 1s
 99600K .......... .......... .......... .......... .......... 53%  143M 1s
 99650K .......... .......... .......... .......... .......... 53%  140M 1s
 99700K .......... .......... .......... .......... .......... 53%  131M 1s
 99750K .......... .......... .......... .......... .......... 53%  143M 1s
 99800K .......... .......... .......... .......... .......... 53%  159M 1s
 99850K .......... .......... .......... .......... .......... 53%  251M 1s
 99900K .......... .......... .......... .......... .......... 53%  198M 1s
 99950K .......... .......... .......... .......... .......... 53%  263M 1s
100000K .......... .......... .......... .......... .......... 53%  270M 1s
100050K .......... .......... .......... .......... .......... 53%  245M 1s
100100K .......... .......... .......... .......... .......... 53%  218M 1s
100150K .......... .......... .......... .......... .......... 53%  266M 1s
100200K .......... .......... .......... .......... .......... 53%  280M 1s
100250K .......... .......... .......... .......... .......... 53%  277M 1s
100300K .......... .......... .......... .......... .......... 53%  195M 1s
100350K .......... .......... .......... .......... .......... 53%  261M 1s
100400K .......... .......... .......... .......... .......... 53%  243M 1s
100450K .......... .......... .......... .......... .......... 53%  250M 1s
100500K .......... .......... .......... .......... .......... 53%  230M 1s
100550K .......... .......... .......... .......... .......... 53%  256M 1s
100600K .......... .......... .......... .......... .......... 53%  255M 1s
100650K .......... .......... .......... .......... .......... 53%  122M 1s
100700K .......... .......... .......... .......... .......... 53%  229M 1s
100750K .......... .......... .......... .......... .......... 53%  248M 1s
100800K .......... .......... .......... .......... .......... 53%  257M 1s
100850K .......... .......... .......... .......... .......... 53%  245M 1s
100900K .......... .......... .......... .......... .......... 53%  241M 1s
100950K .......... .......... .......... .......... .......... 53%  285M 1s
101000K .......... .......... .......... .......... .......... 53%  284M 1s
101050K .......... .......... .......... .......... .......... 53%  278M 1s
101100K .......... .......... .......... .......... .......... 53%  237M 1s
101150K .......... .......... .......... .......... .......... 53%  262M 1s
101200K .......... .......... .......... .......... .......... 53%  288M 1s
101250K .......... .......... .......... .......... .......... 54%  276M 1s
101300K .......... .......... .......... .......... .......... 54%  258M 1s
101350K .......... .......... .......... .......... .......... 54%  282M 1s
101400K .......... .......... .......... .......... .......... 54%  265M 1s
101450K .......... .......... .......... .......... .......... 54%  281M 1s
101500K .......... .......... .......... .......... .......... 54%  237M 1s
101550K .......... .......... .......... .......... .......... 54%  277M 1s
101600K .......... .......... .......... .......... .......... 54%  281M 1s
101650K .......... .......... .......... .......... .......... 54%  266M 1s
101700K .......... .......... .......... .......... .......... 54%  235M 1s
101750K .......... .......... .......... .......... .......... 54%  280M 1s
101800K .......... .......... .......... .......... .......... 54%  280M 1s
101850K .......... .......... .......... .......... .......... 54%  278M 1s
101900K .......... .......... .......... .......... .......... 54%  238M 1s
101950K .......... .......... .......... .......... .......... 54%  276M 1s
102000K .......... .......... .......... .......... .......... 54%  294M 1s
102050K .......... .......... .......... .......... .......... 54%  293M 1s
102100K .......... .......... .......... .......... .......... 54%  264M 1s
102150K .......... .......... .......... .......... .......... 54%  296M 1s
102200K .......... .......... .......... .......... .......... 54%  295M 1s
102250K .......... .......... .......... .......... .......... 54%  284M 1s
102300K .......... .......... .......... .......... .......... 54%  245M 1s
102350K .......... .......... .......... .......... .......... 54%  318M 1s
102400K .......... .......... .......... .......... .......... 54%  908K 1s
102450K .......... .......... .......... .......... .......... 54%  132M 1s
102500K .......... .......... .......... .......... .......... 54%  199M 1s
102550K .......... .......... .......... .......... .......... 54% 66.3M 1s
102600K .......... .......... .......... .......... .......... 54%  111M 1s
102650K .......... .......... .......... .......... .......... 54%  126M 1s
102700K .......... .......... .......... .......... .......... 54%  131M 1s
102750K .......... .......... .......... .......... .......... 54% 93.6M 1s
102800K .......... .......... .......... .......... .......... 54%  130M 1s
102850K .......... .......... .......... .......... .......... 54%  124M 1s
102900K .......... .......... .......... .......... .......... 54%  137M 1s
102950K .......... .......... .......... .......... .......... 54%  119M 1s
103000K .......... .......... .......... .......... .......... 54%  131M 1s
103050K .......... .......... .......... .......... .......... 54%  139M 1s
103100K .......... .......... .......... .......... .......... 54%  131M 1s
103150K .......... .......... .......... .......... .......... 55%  118M 1s
103200K .......... .......... .......... .......... .......... 55%  129M 1s
103250K .......... .......... .......... .......... .......... 55%  128M 1s
103300K .......... .......... .......... .......... .......... 55%  135M 1s
103350K .......... .......... .......... .......... .......... 55%  118M 1s
103400K .......... .......... .......... .......... .......... 55%  137M 1s
103450K .......... .......... .......... .......... .......... 55%  134M 1s
103500K .......... .......... .......... .......... .......... 55%  132M 1s
103550K .......... .......... .......... .......... .......... 55%  114M 1s
103600K .......... .......... .......... .......... .......... 55%  120M 1s
103650K .......... .......... .......... .......... .......... 55%  135M 1s
103700K .......... .......... .......... .......... .......... 55%  128M 1s
103750K .......... .......... .......... .......... .......... 55%  123M 1s
103800K .......... .......... .......... .......... .......... 55%  139M 1s
103850K .......... .......... .......... .......... .......... 55%  127M 1s
103900K .......... .......... .......... .......... .......... 55%  131M 1s
103950K .......... .......... .......... .......... .......... 55%  108M 1s
104000K .......... .......... .......... .......... .......... 55%  133M 1s
104050K .......... .......... .......... .......... .......... 55%  139M 1s
104100K .......... .......... .......... .......... .......... 55%  137M 1s
104150K .......... .......... .......... .......... .......... 55%  122M 1s
104200K .......... .......... .......... .......... .......... 55%  138M 1s
104250K .......... .......... .......... .......... .......... 55%  146M 1s
104300K .......... .......... .......... .......... .......... 55%  132M 1s
104350K .......... .......... .......... .......... .......... 55%  117M 1s
104400K .......... .......... .......... .......... .......... 55%  130M 1s
104450K .......... .......... .......... .......... .......... 55%  142M 1s
104500K .......... .......... .......... .......... .......... 55%  146M 1s
104550K .......... .......... .......... .......... .......... 55%  121M 1s
104600K .......... .......... .......... .......... .......... 55%  140M 1s
104650K .......... .......... .......... .......... .......... 55%  131M 1s
104700K .......... .......... .......... .......... .......... 55%  138M 1s
104750K .......... .......... .......... .......... .......... 55%  118M 1s
104800K .......... .......... .......... .......... .......... 55%  141M 1s
104850K .......... .......... .......... .......... .......... 55%  137M 1s
104900K .......... .......... .......... .......... .......... 55%  144M 1s
104950K .......... .......... .......... .......... .......... 55%  127M 1s
105000K .......... .......... .......... .......... .......... 56%  131M 1s
105050K .......... .......... .......... .......... .......... 56% 86.0M 1s
105100K .......... .......... .......... .......... .......... 56%  134M 1s
105150K .......... .......... .......... .......... .......... 56%  116M 1s
105200K .......... .......... .......... .......... .......... 56%  130M 1s
105250K .......... .......... .......... .......... .......... 56%  131M 1s
105300K .......... .......... .......... .......... .......... 56%  131M 1s
105350K .......... .......... .......... .......... .......... 56%  121M 1s
105400K .......... .......... .......... .......... .......... 56%  133M 1s
105450K .......... .......... .......... .......... .......... 56%  132M 1s
105500K .......... .......... .......... .......... .......... 56%  132M 1s
105550K .......... .......... .......... .......... .......... 56%  112M 1s
105600K .......... .......... .......... .......... .......... 56%  132M 1s
105650K .......... .......... .......... .......... .......... 56%  134M 1s
105700K .......... .......... .......... .......... .......... 56%  126M 1s
105750K .......... .......... .......... .......... .......... 56%  121M 1s
105800K .......... .......... .......... .......... .......... 56%  138M 1s
105850K .......... .......... .......... .......... .......... 56%  132M 1s
105900K .......... .......... .......... .......... .......... 56%  128M 1s
105950K .......... .......... .......... .......... .......... 56%  113M 1s
106000K .......... .......... .......... .......... .......... 56%  134M 1s
106050K .......... .......... .......... .......... .......... 56%  135M 1s
106100K .......... .......... .......... .......... .......... 56%  130M 1s
106150K .......... .......... .......... .......... .......... 56%  125M 1s
106200K .......... .......... .......... .......... .......... 56%  124M 1s
106250K .......... .......... .......... .......... .......... 56%  131M 1s
106300K .......... .......... .......... .......... .......... 56%  137M 1s
106350K .......... .......... .......... .......... .......... 56%  117M 1s
106400K .......... .......... .......... .......... .......... 56%  131M 1s
106450K .......... .......... .......... .......... .......... 56%  132M 1s
106500K .......... .......... .......... .......... .......... 56%  120M 1s
106550K .......... .......... .......... .......... .......... 56%  123M 1s
106600K .......... .......... .......... .......... .......... 56%  132M 1s
106650K .......... .......... .......... .......... .......... 56% 83.7M 1s
106700K .......... .......... .......... .......... .......... 56%  133M 1s
106750K .......... .......... .......... .......... .......... 56%  109M 1s
106800K .......... .......... .......... .......... .......... 56%  139M 1s
106850K .......... .......... .......... .......... .......... 56%  136M 1s
106900K .......... .......... .......... .......... .......... 57%  131M 1s
106950K .......... .......... .......... .......... .......... 57%  128M 1s
107000K .......... .......... .......... .......... .......... 57%  134M 1s
107050K .......... .......... .......... .......... .......... 57%  134M 1s
107100K .......... .......... .......... .......... .......... 57%  130M 1s
107150K .......... .......... .......... .......... .......... 57%  113M 1s
107200K .......... .......... .......... .......... .......... 57%  131M 1s
107250K .......... .......... .......... .......... .......... 57%  131M 1s
107300K .......... .......... .......... .......... .......... 57%  135M 1s
107350K .......... .......... .......... .......... .......... 57%  117M 1s
107400K .......... .......... .......... .......... .......... 57%  120M 1s
107450K .......... .......... .......... .......... .......... 57%  130M 1s
107500K .......... .......... .......... .......... .......... 57%  139M 1s
107550K .......... .......... .......... .......... .......... 57%  114M 1s
107600K .......... .......... .......... .......... .......... 57%  132M 1s
107650K .......... .......... .......... .......... .......... 57%  134M 1s
107700K .......... .......... .......... .......... .......... 57%  142M 1s
107750K .......... .......... .......... .......... .......... 57%  126M 1s
107800K .......... .......... .......... .......... .......... 57%  132M 1s
107850K .......... .......... .......... .......... .......... 57%  132M 1s
107900K .......... .......... .......... .......... .......... 57%  102M 1s
107950K .......... .......... .......... .......... .......... 57%  120M 1s
108000K .......... .......... .......... .......... .......... 57%  142M 1s
108050K .......... .......... .......... .......... .......... 57%  129M 1s
108100K .......... .......... .......... .......... .......... 57%  142M 1s
108150K .......... .......... .......... .......... .......... 57%  126M 1s
108200K .......... .......... .......... .......... .......... 57%  134M 1s
108250K .......... .......... .......... .......... .......... 57%  138M 1s
108300K .......... .......... .......... .......... .......... 57%  127M 1s
108350K .......... .......... .......... .......... .......... 57%  117M 1s
108400K .......... .......... .......... .......... .......... 57%  130M 1s
108450K .......... .......... .......... .......... .......... 57%  136M 1s
108500K .......... .......... .......... .......... .......... 57%  138M 1s
108550K .......... .......... .......... .......... .......... 57%  126M 1s
108600K .......... .......... .......... .......... .......... 57%  133M 1s
108650K .......... .......... .......... .......... .......... 57%  139M 1s
108700K .......... .......... .......... .......... .......... 57% 65.1M 1s
108750K .......... .......... .......... .......... .......... 58%  109M 1s
108800K .......... .......... .......... .......... .......... 58%  130M 1s
108850K .......... .......... .......... .......... .......... 58%  137M 1s
108900K .......... .......... .......... .......... .......... 58%  135M 1s
108950K .......... .......... .......... .......... .......... 58%  117M 1s
109000K .......... .......... .......... .......... .......... 58%  135M 1s
109050K .......... .......... .......... .......... .......... 58%  130M 1s
109100K .......... .......... .......... .......... .......... 58%  145M 1s
109150K .......... .......... .......... .......... .......... 58%  113M 1s
109200K .......... .......... .......... .......... .......... 58%  135M 1s
109250K .......... .......... .......... .......... .......... 58%  141M 1s
109300K .......... .......... .......... .......... .......... 58%  133M 1s
109350K .......... .......... .......... .......... .......... 58%  123M 1s
109400K .......... .......... .......... .......... .......... 58%  140M 1s
109450K .......... .......... .......... .......... .......... 58%  135M 1s
109500K .......... .......... .......... .......... .......... 58%  143M 1s
109550K .......... .......... .......... .......... .......... 58%  111M 1s
109600K .......... .......... .......... .......... .......... 58%  130M 1s
109650K .......... .......... .......... .......... .......... 58%  143M 1s
109700K .......... .......... .......... .......... .......... 58%  144M 1s
109750K .......... .......... .......... .......... .......... 58%  123M 1s
109800K .......... .......... .......... .......... .......... 58%  135M 1s
109850K .......... .......... .......... .......... .......... 58%  130M 1s
109900K .......... .......... .......... .......... .......... 58%  137M 1s
109950K .......... .......... .......... .......... .......... 58%  116M 1s
110000K .......... .......... .......... .......... .......... 58%  138M 1s
110050K .......... .......... .......... .......... .......... 58%  139M 1s
110100K .......... .......... .......... .......... .......... 58%  139M 1s
110150K .......... .......... .......... .......... .......... 58%  121M 1s
110200K .......... .......... .......... .......... .......... 58%  143M 1s
110250K .......... .......... .......... .......... .......... 58%  146M 1s
110300K .......... .......... .......... .......... .......... 58%  153M 1s
110350K .......... .......... .......... .......... .......... 58%  124M 1s
110400K .......... .......... .......... .......... .......... 58%  153M 1s
110450K .......... .......... .......... .......... .......... 58%  145M 1s
110500K .......... .......... .......... .......... .......... 58%  144M 1s
110550K .......... .......... .......... .......... .......... 58%  137M 1s
110600K .......... .......... .......... .......... .......... 58%  147M 1s
110650K .......... .......... .......... .......... .......... 59%  157M 1s
110700K .......... .......... .......... .......... .......... 59%  153M 1s
110750K .......... .......... .......... .......... .......... 59%  125M 1s
110800K .......... .......... .......... .......... .......... 59%  154M 1s
110850K .......... .......... .......... .......... .......... 59%  159M 1s
110900K .......... .......... .......... .......... .......... 59%  156M 1s
110950K .......... .......... .......... .......... .......... 59%  144M 1s
111000K .......... .......... .......... .......... .......... 59%  154M 1s
111050K .......... .......... .......... .......... .......... 59%  139M 1s
111100K .......... .......... .......... .......... .......... 59%  156M 1s
111150K .......... .......... .......... .......... .......... 59% 86.9M 1s
111200K .......... .......... .......... .......... .......... 59%  161M 1s
111250K .......... .......... .......... .......... .......... 59%  162M 1s
111300K .......... .......... .......... .......... .......... 59%  155M 1s
111350K .......... .......... .......... .......... .......... 59%  144M 1s
111400K .......... .......... .......... .......... .......... 59%  162M 1s
111450K .......... .......... .......... .......... .......... 59%  154M 1s
111500K .......... .......... .......... .......... .......... 59%  160M 1s
111550K .......... .......... .......... .......... .......... 59%  135M 1s
111600K .......... .......... .......... .......... .......... 59%  154M 1s
111650K .......... .......... .......... .......... .......... 59%  162M 1s
111700K .......... .......... .......... .......... .......... 59%  162M 1s
111750K .......... .......... .......... .......... .......... 59%  146M 1s
111800K .......... .......... .......... .......... .......... 59%  157M 1s
111850K .......... .......... .......... .......... .......... 59%  153M 1s
111900K .......... .......... .......... .......... .......... 59%  161M 1s
111950K .......... .......... .......... .......... .......... 59%  131M 1s
112000K .......... .......... .......... .......... .......... 59%  162M 1s
112050K .......... .......... .......... .......... .......... 59%  160M 1s
112100K .......... .......... .......... .......... .......... 59%  150M 1s
112150K .......... .......... .......... .......... .......... 59%  143M 1s
112200K .......... .......... .......... .......... .......... 59%  159M 1s
112250K .......... .......... .......... .......... .......... 59%  155M 1s
112300K .......... .......... .......... .......... .......... 59%  159M 1s
112350K .......... .......... .......... .......... .......... 59%  135M 1s
112400K .......... .......... .......... .......... .......... 59%  157M 1s
112450K .......... .......... .......... .......... .......... 59%  161M 1s
112500K .......... .......... .......... .......... .......... 60%  159M 1s
112550K .......... .......... .......... .......... .......... 60%  137M 1s
112600K .......... .......... .......... .......... .......... 60% 1.05M 1s
112650K .......... .......... .......... .......... .......... 60%  110M 1s
112700K .......... .......... .......... .......... .......... 60%  120M 1s
112750K .......... .......... .......... .......... .......... 60%  119M 1s
112800K .......... .......... .......... .......... .......... 60%  132M 1s
112850K .......... .......... .......... .......... .......... 60%  136M 1s
112900K .......... .......... .......... .......... .......... 60%  138M 1s
112950K .......... .......... .......... .......... .......... 60%  124M 1s
113000K .......... .......... .......... .......... .......... 60%  132M 1s
113050K .......... .......... .......... .......... .......... 60%  137M 1s
113100K .......... .......... .......... .......... .......... 60%  126M 1s
113150K .......... .......... .......... .......... .......... 60%  110M 1s
113200K .......... .......... .......... .......... .......... 60%  127M 1s
113250K .......... .......... .......... .......... .......... 60%  136M 1s
113300K .......... .......... .......... .......... .......... 60%  137M 1s
113350K .......... .......... .......... .......... .......... 60%  119M 1s
113400K .......... .......... .......... .......... .......... 60%  138M 1s
113450K .......... .......... .......... .......... .......... 60%  137M 1s
113500K .......... .......... .......... .......... .......... 60%  130M 1s
113550K .......... .......... .......... .......... .......... 60%  113M 1s
113600K .......... .......... .......... .......... .......... 60%  133M 1s
113650K .......... .......... .......... .......... .......... 60%  138M 1s
113700K .......... .......... .......... .......... .......... 60%  138M 1s
113750K .......... .......... .......... .......... .......... 60%  123M 1s
113800K .......... .......... .......... .......... .......... 60%  134M 1s
113850K .......... .......... .......... .......... .......... 60%  124M 1s
113900K .......... .......... .......... .......... .......... 60%  133M 1s
113950K .......... .......... .......... .......... .......... 60%  113M 1s
114000K .......... .......... .......... .......... .......... 60%  129M 1s
114050K .......... .......... .......... .......... .......... 60%  139M 1s
114100K .......... .......... .......... .......... .......... 60%  130M 1s
114150K .......... .......... .......... .......... .......... 60%  119M 1s
114200K .......... .......... .......... .......... .......... 60%  134M 1s
114250K .......... .......... .......... .......... .......... 60%  129M 1s
114300K .......... .......... .......... .......... .......... 60%  130M 1s
114350K .......... .......... .......... .......... .......... 60%  111M 1s
114400K .......... .......... .......... .......... .......... 61%  131M 1s
114450K .......... .......... .......... .......... .......... 61%  138M 1s
114500K .......... .......... .......... .......... .......... 61%  146M 1s
114550K .......... .......... .......... .......... .......... 61%  126M 1s
114600K .......... .......... .......... .......... .......... 61%  134M 1s
114650K .......... .......... .......... .......... .......... 61%  127M 1s
114700K .......... .......... .......... .......... .......... 61%  131M 1s
114750K .......... .......... .......... .......... .......... 61%  118M 1s
114800K .......... .......... .......... .......... .......... 61%  135M 1s
114850K .......... .......... .......... .......... .......... 61%  141M 1s
114900K .......... .......... .......... .......... .......... 61%  128M 1s
114950K .......... .......... .......... .......... .......... 61%  116M 1s
115000K .......... .......... .......... .......... .......... 61%  139M 1s
115050K .......... .......... .......... .......... .......... 61%  116M 1s
115100K .......... .......... .......... .......... .......... 61%  141M 1s
115150K .......... .......... .......... .......... .......... 61%  107M 1s
115200K .......... .......... .......... .......... .......... 61%  138M 1s
115250K .......... .......... .......... .......... .......... 61%  126M 1s
115300K .......... .......... .......... .......... .......... 61%  136M 1s
115350K .......... .......... .......... .......... .......... 61%  120M 1s
115400K .......... .......... .......... .......... .......... 61%  139M 1s
115450K .......... .......... .......... .......... .......... 61%  129M 1s
115500K .......... .......... .......... .......... .......... 61%  137M 1s
115550K .......... .......... .......... .......... .......... 61%  111M 1s
115600K .......... .......... .......... .......... .......... 61%  134M 1s
115650K .......... .......... .......... .......... .......... 61%  142M 1s
115700K .......... .......... .......... .......... .......... 61%  134M 1s
115750K .......... .......... .......... .......... .......... 61%  114M 1s
115800K .......... .......... .......... .......... .......... 61%  135M 1s
115850K .......... .......... .......... .......... .......... 61%  130M 1s
115900K .......... .......... .......... .......... .......... 61%  134M 1s
115950K .......... .......... .......... .......... .......... 61%  105M 1s
116000K .......... .......... .......... .......... .......... 61%  132M 1s
116050K .......... .......... .......... .......... .......... 61%  136M 1s
116100K .......... .......... .......... .......... .......... 61%  129M 1s
116150K .......... .......... .......... .......... .......... 61%  125M 1s
116200K .......... .......... .......... .......... .......... 61%  135M 1s
116250K .......... .......... .......... .......... .......... 62%  129M 1s
116300K .......... .......... .......... .......... .......... 62%  136M 1s
116350K .......... .......... .......... .......... .......... 62%  108M 1s
116400K .......... .......... .......... .......... .......... 62%  125M 1s
116450K .......... .......... .......... .......... .......... 62%  126M 1s
116500K .......... .......... .......... .......... .......... 62%  121M 1s
116550K .......... .......... .......... .......... .......... 62%  121M 1s
116600K .......... .......... .......... .......... .......... 62%  121M 1s
116650K .......... .......... .......... .......... .......... 62%  126M 1s
116700K .......... .......... .......... .......... .......... 62%  133M 1s
116750K .......... .......... .......... .......... .......... 62% 72.4M 1s
116800K .......... .......... .......... .......... .......... 62%  138M 1s
116850K .......... .......... .......... .......... .......... 62%  133M 1s
116900K .......... .......... .......... .......... .......... 62%  136M 1s
116950K .......... .......... .......... .......... .......... 62%  120M 1s
117000K .......... .......... .......... .......... .......... 62%  137M 1s
117050K .......... .......... .......... .......... .......... 62%  140M 1s
117100K .......... .......... .......... .......... .......... 62%  124M 1s
117150K .......... .......... .......... .......... .......... 62%  109M 1s
117200K .......... .......... .......... .......... .......... 62%  126M 1s
117250K .......... .......... .......... .......... .......... 62%  123M 1s
117300K .......... .......... .......... .......... .......... 62%  131M 1s
117350K .......... .......... .......... .......... .......... 62%  115M 1s
117400K .......... .......... .......... .......... .......... 62%  137M 1s
117450K .......... .......... .......... .......... .......... 62%  136M 1s
117500K .......... .......... .......... .......... .......... 62%  122M 1s
117550K .......... .......... .......... .......... .......... 62%  115M 1s
117600K .......... .......... .......... .......... .......... 62%  121M 1s
117650K .......... .......... .......... .......... .......... 62%  140M 1s
117700K .......... .......... .......... .......... .......... 62%  133M 1s
117750K .......... .......... .......... .......... .......... 62%  122M 1s
117800K .......... .......... .......... .......... .......... 62%  153M 1s
117850K .......... .......... .......... .......... .......... 62%  150M 1s
117900K .......... .......... .......... .......... .......... 62%  155M 1s
117950K .......... .......... .......... .......... .......... 62%  127M 1s
118000K .......... .......... .......... .......... .......... 62%  150M 1s
118050K .......... .......... .......... .......... .......... 62%  146M 1s
118100K .......... .......... .......... .......... .......... 62%  154M 1s
118150K .......... .......... .......... .......... .......... 63%  143M 1s
118200K .......... .......... .......... .......... .......... 63%  146M 1s
118250K .......... .......... .......... .......... .......... 63%  152M 1s
118300K .......... .......... .......... .......... .......... 63%  155M 1s
118350K .......... .......... .......... .......... .......... 63%  128M 1s
118400K .......... .......... .......... .......... .......... 63%  156M 1s
118450K .......... .......... .......... .......... .......... 63%  154M 1s
118500K .......... .......... .......... .......... .......... 63% 89.2M 1s
118550K .......... .......... .......... .......... .......... 63%  134M 1s
118600K .......... .......... .......... .......... .......... 63%  154M 1s
118650K .......... .......... .......... .......... .......... 63%  149M 1s
118700K .......... .......... .......... .......... .......... 63%  141M 1s
118750K .......... .......... .......... .......... .......... 63%  123M 1s
118800K .......... .......... .......... .......... .......... 63%  154M 1s
118850K .......... .......... .......... .......... .......... 63%  156M 1s
118900K .......... .......... .......... .......... .......... 63%  139M 1s
118950K .......... .......... .......... .......... .......... 63%  141M 1s
119000K .......... .......... .......... .......... .......... 63%  149M 1s
119050K .......... .......... .......... .......... .......... 63%  146M 1s
119100K .......... .......... .......... .......... .......... 63%  146M 1s
119150K .......... .......... .......... .......... .......... 63%  125M 1s
119200K .......... .......... .......... .......... .......... 63%  145M 1s
119250K .......... .......... .......... .......... .......... 63%  150M 1s
119300K .......... .......... .......... .......... .......... 63%  154M 1s
119350K .......... .......... .......... .......... .......... 63%  127M 1s
119400K .......... .......... .......... .......... .......... 63%  143M 1s
119450K .......... .......... .......... .......... .......... 63%  139M 1s
119500K .......... .......... .......... .......... .......... 63%  146M 1s
119550K .......... .......... .......... .......... .......... 63%  126M 1s
119600K .......... .......... .......... .......... .......... 63%  146M 1s
119650K .......... .......... .......... .......... .......... 63%  150M 1s
119700K .......... .......... .......... .......... .......... 63%  157M 1s
119750K .......... .......... .......... .......... .......... 63%  135M 1s
119800K .......... .......... .......... .......... .......... 63%  145M 1s
119850K .......... .......... .......... .......... .......... 63%  156M 1s
119900K .......... .......... .......... .......... .......... 63%  141M 1s
119950K .......... .......... .......... .......... .......... 63%  119M 1s
120000K .......... .......... .......... .......... .......... 64%  152M 1s
120050K .......... .......... .......... .......... .......... 64%  142M 1s
120100K .......... .......... .......... .......... .......... 64% 99.3M 1s
120150K .......... .......... .......... .......... .......... 64%  140M 1s
120200K .......... .......... .......... .......... .......... 64%  135M 1s
120250K .......... .......... .......... .......... .......... 64%  141M 1s
120300K .......... .......... .......... .......... .......... 64%  145M 1s
120350K .......... .......... .......... .......... .......... 64%  181M 1s
120400K .......... .......... .......... .......... .......... 64%  288M 1s
120450K .......... .......... .......... .......... .......... 64%  290M 1s
120500K .......... .......... .......... .......... .......... 64%  270M 1s
120550K .......... .......... .......... .......... .......... 64%  239M 1s
120600K .......... .......... .......... .......... .......... 64%  262M 1s
120650K .......... .......... .......... .......... .......... 64%  286M 1s
120700K .......... .......... .......... .......... .......... 64%  277M 1s
120750K .......... .......... .......... .......... .......... 64%  234M 1s
120800K .......... .......... .......... .......... .......... 64%  272M 1s
120850K .......... .......... .......... .......... .......... 64%  257M 1s
120900K .......... .......... .......... .......... .......... 64%  268M 1s
120950K .......... .......... .......... .......... .......... 64%  261M 1s
121000K .......... .......... .......... .......... .......... 64%  272M 1s
121050K .......... .......... .......... .......... .......... 64%  279M 1s
121100K .......... .......... .......... .......... .......... 64%  228M 1s
121150K .......... .......... .......... .......... .......... 64%  210M 1s
121200K .......... .......... .......... .......... .......... 64%  270M 1s
121250K .......... .......... .......... .......... .......... 64%  271M 1s
121300K .......... .......... .......... .......... .......... 64%  249M 1s
121350K .......... .......... .......... .......... .......... 64%  257M 1s
121400K .......... .......... .......... .......... .......... 64%  274M 1s
121450K .......... .......... .......... .......... .......... 64%  277M 1s
121500K .......... .......... .......... .......... .......... 64%  288M 1s
121550K .......... .......... .......... .......... .......... 64%  239M 1s
121600K .......... .......... .......... .......... .......... 64%  290M 1s
121650K .......... .......... .......... .......... .......... 64%  238M 1s
121700K .......... .......... .......... .......... .......... 64%  275M 1s
121750K .......... .......... .......... .......... .......... 64%  267M 1s
121800K .......... .......... .......... .......... .......... 64%  293M 1s
121850K .......... .......... .......... .......... .......... 64%  280M 1s
121900K .......... .......... .......... .......... .......... 65%  287M 1s
121950K .......... .......... .......... .......... .......... 65%  233M 1s
122000K .......... .......... .......... .......... .......... 65%  275M 1s
122050K .......... .......... .......... .......... .......... 65%  286M 1s
122100K .......... .......... .......... .......... .......... 65%  290M 1s
122150K .......... .......... .......... .......... .......... 65%  261M 1s
122200K .......... .......... .......... .......... .......... 65%  284M 1s
122250K .......... .......... .......... .......... .......... 65%  283M 1s
122300K .......... .......... .......... .......... .......... 65%  290M 1s
122350K .......... .......... .......... .......... .......... 65%  241M 1s
122400K .......... .......... .......... .......... .......... 65%  294M 1s
122450K .......... .......... .......... .......... .......... 65%  290M 1s
122500K .......... .......... .......... .......... .......... 65%  282M 1s
122550K .......... .......... .......... .......... .......... 65%  261M 1s
122600K .......... .......... .......... .......... .......... 65%  291M 1s
122650K .......... .......... .......... .......... .......... 65%  299M 1s
122700K .......... .......... .......... .......... .......... 65%  296M 1s
122750K .......... .......... .......... .......... .......... 65%  245M 1s
122800K .......... .......... .......... .......... .......... 65%  281M 1s
122850K .......... .......... .......... .......... .......... 65%  907K 1s
122900K .......... .......... .......... .......... .......... 65%  178M 1s
122950K .......... .......... .......... .......... .......... 65%  194M 1s
123000K .......... .......... .......... .......... .......... 65% 60.7M 1s
123050K .......... .......... .......... .......... .......... 65%  128M 1s
123100K .......... .......... .......... .......... .......... 65%  114M 1s
123150K .......... .......... .......... .......... .......... 65%  106M 1s
123200K .......... .......... .......... .......... .......... 65%  124M 1s
123250K .......... .......... .......... .......... .......... 65%  129M 1s
123300K .......... .......... .......... .......... .......... 65%  133M 1s
123350K .......... .......... .......... .......... .......... 65%  122M 1s
123400K .......... .......... .......... .......... .......... 65%  134M 1s
123450K .......... .......... .......... .......... .......... 65%  130M 1s
123500K .......... .......... .......... .......... .......... 65%  133M 1s
123550K .......... .......... .......... .......... .......... 65%  116M 1s
123600K .......... .......... .......... .......... .......... 65%  127M 1s
123650K .......... .......... .......... .......... .......... 65%  128M 1s
123700K .......... .......... .......... .......... .......... 65%  126M 1s
123750K .......... .......... .......... .......... .......... 66%  119M 1s
123800K .......... .......... .......... .......... .......... 66%  133M 1s
123850K .......... .......... .......... .......... .......... 66%  137M 1s
123900K .......... .......... .......... .......... .......... 66%  133M 1s
123950K .......... .......... .......... .......... .......... 66%  113M 1s
124000K .......... .......... .......... .......... .......... 66%  127M 1s
124050K .......... .......... .......... .......... .......... 66%  130M 1s
124100K .......... .......... .......... .......... .......... 66%  127M 1s
124150K .......... .......... .......... .......... .......... 66%  117M 1s
124200K .......... .......... .......... .......... .......... 66%  136M 1s
124250K .......... .......... .......... .......... .......... 66%  120M 1s
124300K .......... .......... .......... .......... .......... 66%  135M 1s
124350K .......... .......... .......... .......... .......... 66%  108M 1s
124400K .......... .......... .......... .......... .......... 66%  136M 1s
124450K .......... .......... .......... .......... .......... 66%  134M 1s
124500K .......... .......... .......... .......... .......... 66%  131M 1s
124550K .......... .......... .......... .......... .......... 66%  122M 1s
124600K .......... .......... .......... .......... .......... 66%  135M 1s
124650K .......... .......... .......... .......... .......... 66%  131M 1s
124700K .......... .......... .......... .......... .......... 66%  135M 1s
124750K .......... .......... .......... .......... .......... 66%  113M 1s
124800K .......... .......... .......... .......... .......... 66% 87.6M 1s
124850K .......... .......... .......... .......... .......... 66%  135M 1s
124900K .......... .......... .......... .......... .......... 66%  134M 1s
124950K .......... .......... .......... .......... .......... 66%  121M 1s
125000K .......... .......... .......... .......... .......... 66%  138M 1s
125050K .......... .......... .......... .......... .......... 66%  138M 1s
125100K .......... .......... .......... .......... .......... 66%  146M 1s
125150K .......... .......... .......... .......... .......... 66%  108M 1s
125200K .......... .......... .......... .......... .......... 66%  139M 1s
125250K .......... .......... .......... .......... .......... 66%  130M 1s
125300K .......... .......... .......... .......... .......... 66%  138M 1s
125350K .......... .......... .......... .......... .......... 66%  124M 1s
125400K .......... .......... .......... .......... .......... 66%  107M 1s
125450K .......... .......... .......... .......... .......... 66%  137M 1s
125500K .......... .......... .......... .......... .......... 66%  140M 1s
125550K .......... .......... .......... .......... .......... 66%  117M 1s
125600K .......... .......... .......... .......... .......... 66%  144M 1s
125650K .......... .......... .......... .......... .......... 67%  134M 1s
125700K .......... .......... .......... .......... .......... 67%  140M 1s
125750K .......... .......... .......... .......... .......... 67%  131M 1s
125800K .......... .......... .......... .......... .......... 67%  140M 1s
125850K .......... .......... .......... .......... .......... 67%  141M 1s
125900K .......... .......... .......... .......... .......... 67%  143M 1s
125950K .......... .......... .......... .......... .......... 67%  118M 1s
126000K .......... .......... .......... .......... .......... 67%  144M 1s
126050K .......... .......... .......... .......... .......... 67%  131M 1s
126100K .......... .......... .......... .......... .......... 67%  136M 1s
126150K .......... .......... .......... .......... .......... 67%  130M 1s
126200K .......... .......... .......... .......... .......... 67%  121M 1s
126250K .......... .......... .......... .......... .......... 67%  134M 1s
126300K .......... .......... .......... .......... .......... 67%  145M 1s
126350K .......... .......... .......... .......... .......... 67%  114M 1s
126400K .......... .......... .......... .......... .......... 67%  137M 1s
126450K .......... .......... .......... .......... .......... 67%  142M 1s
126500K .......... .......... .......... .......... .......... 67%  127M 1s
126550K .......... .......... .......... .......... .......... 67%  122M 1s
126600K .......... .......... .......... .......... .......... 67%  131M 1s
126650K .......... .......... .......... .......... .......... 67%  142M 1s
126700K .......... .......... .......... .......... .......... 67%  135M 1s
126750K .......... .......... .......... .......... .......... 67%  105M 1s
126800K .......... .......... .......... .......... .......... 67%  138M 1s
126850K .......... .......... .......... .......... .......... 67%  133M 1s
126900K .......... .......... .......... .......... .......... 67%  139M 1s
126950K .......... .......... .......... .......... .......... 67%  124M 1s
127000K .......... .......... .......... .......... .......... 67%  129M 1s
127050K .......... .......... .......... .......... .......... 67%  140M 1s
127100K .......... .......... .......... .......... .......... 67%  129M 1s
127150K .......... .......... .......... .......... .......... 67%  117M 1s
127200K .......... .......... .......... .......... .......... 67%  139M 1s
127250K .......... .......... .......... .......... .......... 67%  132M 1s
127300K .......... .......... .......... .......... .......... 67% 83.5M 1s
127350K .......... .......... .......... .......... .......... 67%  117M 1s
127400K .......... .......... .......... .......... .......... 67%  143M 1s
127450K .......... .......... .......... .......... .......... 67%  142M 1s
127500K .......... .......... .......... .......... .......... 68%  138M 1s
127550K .......... .......... .......... .......... .......... 68%  115M 1s
127600K .......... .......... .......... .......... .......... 68%  137M 1s
127650K .......... .......... .......... .......... .......... 68%  133M 1s
127700K .......... .......... .......... .......... .......... 68% 91.9M 1s
127750K .......... .......... .......... .......... .......... 68%  127M 1s
127800K .......... .......... .......... .......... .......... 68%  133M 1s
127850K .......... .......... .......... .......... .......... 68%  138M 1s
127900K .......... .......... .......... .......... .......... 68%  136M 1s
127950K .......... .......... .......... .......... .......... 68%  112M 1s
128000K .......... .......... .......... .......... .......... 68%  141M 1s
128050K .......... .......... .......... .......... .......... 68%  132M 1s
128100K .......... .......... .......... .......... .......... 68%  135M 1s
128150K .......... .......... .......... .......... .......... 68%  120M 1s
128200K .......... .......... .......... .......... .......... 68%  132M 1s
128250K .......... .......... .......... .......... .......... 68%  138M 1s
128300K .......... .......... .......... .......... .......... 68%  136M 1s
128350K .......... .......... .......... .......... .......... 68%  113M 1s
128400K .......... .......... .......... .......... .......... 68%  135M 1s
128450K .......... .......... .......... .......... .......... 68%  143M 1s
128500K .......... .......... .......... .......... .......... 68%  138M 1s
128550K .......... .......... .......... .......... .......... 68%  124M 1s
128600K .......... .......... .......... .......... .......... 68%  147M 1s
128650K .......... .......... .......... .......... .......... 68%  154M 1s
128700K .......... .......... .......... .......... .......... 68%  157M 1s
128750K .......... .......... .......... .......... .......... 68%  132M 1s
128800K .......... .......... .......... .......... .......... 68%  152M 1s
128850K .......... .......... .......... .......... .......... 68%  151M 1s
128900K .......... .......... .......... .......... .......... 68%  149M 1s
128950K .......... .......... .......... .......... .......... 68%  139M 1s
129000K .......... .......... .......... .......... .......... 68%  148M 1s
129050K .......... .......... .......... .......... .......... 68%  145M 1s
129100K .......... .......... .......... .......... .......... 68%  147M 1s
129150K .......... .......... .......... .......... .......... 68%  127M 1s
129200K .......... .......... .......... .......... .......... 68%  148M 1s
129250K .......... .......... .......... .......... .......... 68%  157M 1s
129300K .......... .......... .......... .......... .......... 68%  157M 1s
129350K .......... .......... .......... .......... .......... 68%  129M 1s
129400K .......... .......... .......... .......... .......... 69%  150M 1s
129450K .......... .......... .......... .......... .......... 69%  150M 1s
129500K .......... .......... .......... .......... .......... 69%  151M 1s
129550K .......... .......... .......... .......... .......... 69%  125M 1s
129600K .......... .......... .......... .......... .......... 69%  152M 1s
129650K .......... .......... .......... .......... .......... 69%  154M 1s
129700K .......... .......... .......... .......... .......... 69%  158M 1s
129750K .......... .......... .......... .......... .......... 69%  139M 1s
129800K .......... .......... .......... .......... .......... 69%  159M 1s
129850K .......... .......... .......... .......... .......... 69%  151M 1s
129900K .......... .......... .......... .......... .......... 69%  141M 1s
129950K .......... .......... .......... .......... .......... 69%  128M 1s
130000K .......... .......... .......... .......... .......... 69%  156M 1s
130050K .......... .......... .......... .......... .......... 69%  144M 1s
130100K .......... .......... .......... .......... .......... 69%  156M 1s
130150K .......... .......... .......... .......... .......... 69%  143M 1s
130200K .......... .......... .......... .......... .......... 69%  148M 1s
130250K .......... .......... .......... .......... .......... 69%  153M 1s
130300K .......... .......... .......... .......... .......... 69%  160M 1s
130350K .......... .......... .......... .......... .......... 69%  125M 1s
130400K .......... .......... .......... .......... .......... 69%  151M 1s
130450K .......... .......... .......... .......... .......... 69%  150M 1s
130500K .......... .......... .......... .......... .......... 69%  150M 1s
130550K .......... .......... .......... .......... .......... 69%  140M 1s
130600K .......... .......... .......... .......... .......... 69%  158M 1s
130650K .......... .......... .......... .......... .......... 69%  146M 1s
130700K .......... .......... .......... .......... .......... 69%  149M 1s
130750K .......... .......... .......... .......... .......... 69%  130M 1s
130800K .......... .......... .......... .......... .......... 69%  153M 1s
130850K .......... .......... .......... .......... .......... 69%  159M 1s
130900K .......... .......... .......... .......... .......... 69%  156M 1s
130950K .......... .......... .......... .......... .......... 69%  133M 1s
131000K .......... .......... .......... .......... .......... 69%  208M 1s
131050K .......... .......... .......... .......... .......... 69%  268M 1s
131100K .......... .......... .......... .......... .......... 69%  275M 1s
131150K .......... .......... .......... .......... .......... 69%  241M 1s
131200K .......... .......... .......... .......... .......... 69%  276M 1s
131250K .......... .......... .......... .......... .......... 70%  282M 1s
131300K .......... .......... .......... .......... .......... 70%  275M 1s
131350K .......... .......... .......... .......... .......... 70%  240M 1s
131400K .......... .......... .......... .......... .......... 70%  272M 1s
131450K .......... .......... .......... .......... .......... 70%  271M 1s
131500K .......... .......... .......... .......... .......... 70%  270M 1s
131550K .......... .......... .......... .......... .......... 70%  238M 1s
131600K .......... .......... .......... .......... .......... 70%  298M 1s
131650K .......... .......... .......... .......... .......... 70%  279M 1s
131700K .......... .......... .......... .......... .......... 70%  291M 1s
131750K .......... .......... .......... .......... .......... 70%  253M 1s
131800K .......... .......... .......... .......... .......... 70%  285M 1s
131850K .......... .......... .......... .......... .......... 70%  288M 1s
131900K .......... .......... .......... .......... .......... 70%  293M 1s
131950K .......... .......... .......... .......... .......... 70%  244M 1s
132000K .......... .......... .......... .......... .......... 70%  285M 1s
132050K .......... .......... .......... .......... .......... 70%  277M 1s
132100K .......... .......... .......... .......... .......... 70%  266M 1s
132150K .......... .......... .......... .......... .......... 70%  219M 1s
132200K .......... .......... .......... .......... .......... 70%  288M 1s
132250K .......... .......... .......... .......... .......... 70%  288M 1s
132300K .......... .......... .......... .......... .......... 70%  284M 1s
132350K .......... .......... .......... .......... .......... 70%  232M 1s
132400K .......... .......... .......... .......... .......... 70%  292M 1s
132450K .......... .......... .......... .......... .......... 70%  291M 1s
132500K .......... .......... .......... .......... .......... 70%  294M 1s
132550K .......... .......... .......... .......... .......... 70%  261M 1s
132600K .......... .......... .......... .......... .......... 70%  277M 1s
132650K .......... .......... .......... .......... .......... 70%  297M 1s
132700K .......... .......... .......... .......... .......... 70%  288M 1s
132750K .......... .......... .......... .......... .......... 70%  242M 1s
132800K .......... .......... .......... .......... .......... 70%  291M 1s
132850K .......... .......... .......... .......... .......... 70%  240M 1s
132900K .......... .......... .......... .......... .......... 70%  287M 1s
132950K .......... .......... .......... .......... .......... 70%  268M 1s
133000K .......... .......... .......... .......... .......... 70%  297M 1s
133050K .......... .......... .......... .......... .......... 70%  294M 1s
133100K .......... .......... .......... .......... .......... 70%  933K 1s
133150K .......... .......... .......... .......... .......... 71% 96.9M 1s
133200K .......... .......... .......... .......... .......... 71%  210M 1s
133250K .......... .......... .......... .......... .......... 71%  251M 1s
133300K .......... .......... .......... .......... .......... 71%  269M 1s
133350K .......... .......... .......... .......... .......... 71%  130M 1s
133400K .......... .......... .......... .......... .......... 71%  144M 1s
133450K .......... .......... .......... .......... .......... 71%  143M 1s
133500K .......... .......... .......... .......... .......... 71%  152M 1s
133550K .......... .......... .......... .......... .......... 71%  125M 1s
133600K .......... .......... .......... .......... .......... 71%  145M 1s
133650K .......... .......... .......... .......... .......... 71%  150M 1s
133700K .......... .......... .......... .......... .......... 71%  150M 1s
133750K .......... .......... .......... .......... .......... 71%  136M 1s
133800K .......... .......... .......... .......... .......... 71%  152M 1s
133850K .......... .......... .......... .......... .......... 71%  119M 1s
133900K .......... .......... .......... .......... .......... 71%  150M 1s
133950K .......... .......... .......... .......... .......... 71%  124M 1s
134000K .......... .......... .......... .......... .......... 71%  148M 1s
134050K .......... .......... .......... .......... .......... 71%  153M 1s
134100K .......... .......... .......... .......... .......... 71%  154M 1s
134150K .......... .......... .......... .......... .......... 71%  134M 1s
134200K .......... .......... .......... .......... .......... 71%  150M 1s
134250K .......... .......... .......... .......... .......... 71%  156M 1s
134300K .......... .......... .......... .......... .......... 71%  146M 1s
134350K .......... .......... .......... .......... .......... 71%  119M 1s
134400K .......... .......... .......... .......... .......... 71%  144M 1s
134450K .......... .......... .......... .......... .......... 71%  151M 1s
134500K .......... .......... .......... .......... .......... 71%  140M 1s
134550K .......... .......... .......... .......... .......... 71%  131M 1s
134600K .......... .......... .......... .......... .......... 71%  144M 1s
134650K .......... .......... .......... .......... .......... 71%  150M 1s
134700K .......... .......... .......... .......... .......... 71%  140M 1s
134750K .......... .......... .......... .......... .......... 71%  123M 1s
134800K .......... .......... .......... .......... .......... 71%  151M 1s
134850K .......... .......... .......... .......... .......... 71%  141M 1s
134900K .......... .......... .......... .......... .......... 71%  142M 1s
134950K .......... .......... .......... .......... .......... 71%  133M 1s
135000K .......... .......... .......... .......... .......... 72%  146M 1s
135050K .......... .......... .......... .......... .......... 72%  142M 1s
135100K .......... .......... .......... .......... .......... 72%  154M 1s
135150K .......... .......... .......... .......... .......... 72%  121M 1s
135200K .......... .......... .......... .......... .......... 72%  144M 1s
135250K .......... .......... .......... .......... .......... 72%  142M 1s
135300K .......... .......... .......... .......... .......... 72%  144M 1s
135350K .......... .......... .......... .......... .......... 72%  137M 1s
135400K .......... .......... .......... .......... .......... 72%  146M 1s
135450K .......... .......... .......... .......... .......... 72%  153M 1s
135500K .......... .......... .......... .......... .......... 72%  145M 1s
135550K .......... .......... .......... .......... .......... 72% 76.3M 1s
135600K .......... .......... .......... .......... .......... 72%  153M 1s
135650K .......... .......... .......... .......... .......... 72%  143M 1s
135700K .......... .......... .......... .......... .......... 72%  148M 1s
135750K .......... .......... .......... .......... .......... 72%  128M 1s
135800K .......... .......... .......... .......... .......... 72%  138M 1s
135850K .......... .......... .......... .......... .......... 72%  112M 1s
135900K .......... .......... .......... .......... .......... 72%  158M 1s
135950K .......... .......... .......... .......... .......... 72%  124M 1s
136000K .......... .......... .......... .......... .......... 72%  158M 1s
136050K .......... .......... .......... .......... .......... 72%  148M 1s
136100K .......... .......... .......... .......... .......... 72%  142M 1s
136150K .......... .......... .......... .......... .......... 72%  133M 1s
136200K .......... .......... .......... .......... .......... 72%  141M 1s
136250K .......... .......... .......... .......... .......... 72%  152M 1s
136300K .......... .......... .......... .......... .......... 72%  142M 1s
136350K .......... .......... .......... .......... .......... 72%  123M 1s
136400K .......... .......... .......... .......... .......... 72%  142M 1s
136450K .......... .......... .......... .......... .......... 72%  143M 1s
136500K .......... .......... .......... .......... .......... 72%  156M 1s
136550K .......... .......... .......... .......... .......... 72%  126M 1s
136600K .......... .......... .......... .......... .......... 72%  147M 1s
136650K .......... .......... .......... .......... .......... 72%  158M 1s
136700K .......... .......... .......... .......... .......... 72%  145M 1s
136750K .......... .......... .......... .......... .......... 72%  124M 1s
136800K .......... .......... .......... .......... .......... 72%  153M 1s
136850K .......... .......... .......... .......... .......... 72%  148M 1s
136900K .......... .......... .......... .......... .......... 73%  157M 1s
136950K .......... .......... .......... .......... .......... 73%  139M 1s
137000K .......... .......... .......... .......... .......... 73%  150M 1s
137050K .......... .......... .......... .......... .......... 73%  153M 1s
137100K .......... .......... .......... .......... .......... 73%  146M 1s
137150K .......... .......... .......... .......... .......... 73%  126M 1s
137200K .......... .......... .......... .......... .......... 73%  162M 1s
137250K .......... .......... .......... .......... .......... 73%  153M 1s
137300K .......... .......... .......... .......... .......... 73%  148M 1s
137350K .......... .......... .......... .......... .......... 73%  139M 1s
137400K .......... .......... .......... .......... .......... 73%  143M 1s
137450K .......... .......... .......... .......... .......... 73%  153M 1s
137500K .......... .......... .......... .......... .......... 73%  153M 1s
137550K .......... .......... .......... .......... .......... 73%  122M 1s
137600K .......... .......... .......... .......... .......... 73%  155M 1s
137650K .......... .......... .......... .......... .......... 73%  153M 1s
137700K .......... .......... .......... .......... .......... 73%  151M 1s
137750K .......... .......... .......... .......... .......... 73%  139M 1s
137800K .......... .......... .......... .......... .......... 73%  159M 1s
137850K .......... .......... .......... .......... .......... 73%  146M 1s
137900K .......... .......... .......... .......... .......... 73%  153M 1s
137950K .......... .......... .......... .......... .......... 73%  131M 1s
138000K .......... .......... .......... .......... .......... 73%  144M 1s
138050K .......... .......... .......... .......... .......... 73%  159M 1s
138100K .......... .......... .......... .......... .......... 73%  156M 1s
138150K .......... .......... .......... .......... .......... 73%  126M 1s
138200K .......... .......... .......... .......... .......... 73%  161M 1s
138250K .......... .......... .......... .......... .......... 73%  156M 1s
138300K .......... .......... .......... .......... .......... 73%  152M 1s
138350K .......... .......... .......... .......... .......... 73%  127M 1s
138400K .......... .......... .......... .......... .......... 73%  163M 1s
138450K .......... .......... .......... .......... .......... 73%  143M 1s
138500K .......... .......... .......... .......... .......... 73%  158M 1s
138550K .......... .......... .......... .......... .......... 73%  137M 1s
138600K .......... .......... .......... .......... .......... 73%  143M 1s
138650K .......... .......... .......... .......... .......... 73%  149M 1s
138700K .......... .......... .......... .......... .......... 73%  150M 1s
138750K .......... .......... .......... .......... .......... 74%  127M 1s
138800K .......... .......... .......... .......... .......... 74%  148M 1s
138850K .......... .......... .......... .......... .......... 74%  158M 1s
138900K .......... .......... .......... .......... .......... 74%  161M 1s
138950K .......... .......... .......... .......... .......... 74%  130M 1s
139000K .......... .......... .......... .......... .......... 74%  156M 1s
139050K .......... .......... .......... .......... .......... 74%  159M 1s
139100K .......... .......... .......... .......... .......... 74%  154M 1s
139150K .......... .......... .......... .......... .......... 74%  130M 1s
139200K .......... .......... .......... .......... .......... 74%  150M 1s
139250K .......... .......... .......... .......... .......... 74%  148M 1s
139300K .......... .......... .......... .......... .......... 74%  153M 1s
139350K .......... .......... .......... .......... .......... 74%  141M 1s
139400K .......... .......... .......... .......... .......... 74%  154M 1s
139450K .......... .......... .......... .......... .......... 74%  144M 1s
139500K .......... .......... .......... .......... .......... 74%  150M 1s
139550K .......... .......... .......... .......... .......... 74%  127M 1s
139600K .......... .......... .......... .......... .......... 74%  144M 1s
139650K .......... .......... .......... .......... .......... 74%  147M 1s
139700K .......... .......... .......... .......... .......... 74%  156M 1s
139750K .......... .......... .......... .......... .......... 74%  143M 1s
139800K .......... .......... .......... .......... .......... 74%  151M 1s
139850K .......... .......... .......... .......... .......... 74%  160M 1s
139900K .......... .......... .......... .......... .......... 74% 98.4M 1s
139950K .......... .......... .......... .......... .......... 74%  123M 1s
140000K .......... .......... .......... .......... .......... 74%  153M 1s
140050K .......... .......... .......... .......... .......... 74%  154M 1s
140100K .......... .......... .......... .......... .......... 74%  154M 1s
140150K .......... .......... .......... .......... .......... 74%  143M 1s
140200K .......... .......... .......... .......... .......... 74%  156M 1s
140250K .......... .......... .......... .......... .......... 74%  137M 1s
140300K .......... .......... .......... .......... .......... 74%  156M 1s
140350K .......... .......... .......... .......... .......... 74%  127M 1s
140400K .......... .......... .......... .......... .......... 74%  150M 1s
140450K .......... .......... .......... .......... .......... 74%  157M 1s
140500K .......... .......... .......... .......... .......... 74%  154M 1s
140550K .......... .......... .......... .......... .......... 74%  136M 1s
140600K .......... .......... .......... .......... .......... 74%  151M 1s
140650K .......... .......... .......... .......... .......... 75%  160M 1s
140700K .......... .......... .......... .......... .......... 75%  151M 1s
140750K .......... .......... .......... .......... .......... 75%  128M 1s
140800K .......... .......... .......... .......... .......... 75%  147M 1s
140850K .......... .......... .......... .......... .......... 75%  144M 1s
140900K .......... .......... .......... .......... .......... 75%  149M 1s
140950K .......... .......... .......... .......... .......... 75%  144M 1s
141000K .......... .......... .......... .......... .......... 75%  145M 1s
141050K .......... .......... .......... .......... .......... 75%  156M 1s
141100K .......... .......... .......... .......... .......... 75%  148M 1s
141150K .......... .......... .......... .......... .......... 75%  125M 1s
141200K .......... .......... .......... .......... .......... 75%  149M 1s
141250K .......... .......... .......... .......... .......... 75%  263M 1s
141300K .......... .......... .......... .......... .......... 75%  282M 1s
141350K .......... .......... .......... .......... .......... 75%  255M 1s
141400K .......... .......... .......... .......... .......... 75%  285M 1s
141450K .......... .......... .......... .......... .......... 75%  263M 1s
141500K .......... .......... .......... .......... .......... 75%  284M 1s
141550K .......... .......... .......... .......... .......... 75%  237M 1s
141600K .......... .......... .......... .......... .......... 75%  255M 1s
141650K .......... .......... .......... .......... .......... 75%  289M 1s
141700K .......... .......... .......... .......... .......... 75%  271M 1s
141750K .......... .......... .......... .......... .......... 75%  211M 1s
141800K .......... .......... .......... .......... .......... 75%  268M 1s
141850K .......... .......... .......... .......... .......... 75%  283M 1s
141900K .......... .......... .......... .......... .......... 75%  276M 1s
141950K .......... .......... .......... .......... .......... 75%  242M 1s
142000K .......... .......... .......... .......... .......... 75%  247M 1s
142050K .......... .......... .......... .......... .......... 75%  284M 1s
142100K .......... .......... .......... .......... .......... 75%  283M 1s
142150K .......... .......... .......... .......... .......... 75%  253M 1s
142200K .......... .......... .......... .......... .......... 75%  288M 1s
142250K .......... .......... .......... .......... .......... 75%  293M 1s
142300K .......... .......... .......... .......... .......... 75%  281M 1s
142350K .......... .......... .......... .......... .......... 75%  234M 1s
142400K .......... .......... .......... .......... .......... 75%  278M 1s
142450K .......... .......... .......... .......... .......... 75%  276M 1s
142500K .......... .......... .......... .......... .......... 76%  285M 1s
142550K .......... .......... .......... .......... .......... 76%  262M 1s
142600K .......... .......... .......... .......... .......... 76%  295M 1s
142650K .......... .......... .......... .......... .......... 76%  291M 1s
142700K .......... .......... .......... .......... .......... 76%  272M 1s
142750K .......... .......... .......... .......... .......... 76%  243M 1s
142800K .......... .......... .......... .......... .......... 76%  291M 1s
142850K .......... .......... .......... .......... .......... 76%  282M 1s
142900K .......... .......... .......... .......... .......... 76%  283M 1s
142950K .......... .......... .......... .......... .......... 76%  264M 1s
143000K .......... .......... .......... .......... .......... 76%  277M 1s
143050K .......... .......... .......... .......... .......... 76%  283M 1s
143100K .......... .......... .......... .......... .......... 76%  288M 1s
143150K .......... .......... .......... .......... .......... 76%  240M 1s
143200K .......... .......... .......... .......... .......... 76%  295M 1s
143250K .......... .......... .......... .......... .......... 76%  286M 1s
143300K .......... .......... .......... .......... .......... 76%  266M 1s
143350K .......... .......... .......... .......... .......... 76%  821K 1s
143400K .......... .......... .......... .......... .......... 76% 83.7M 1s
143450K .......... .......... .......... .......... .......... 76%  173M 1s
143500K .......... .......... .......... .......... .......... 76%  149M 1s
143550K .......... .......... .......... .......... .......... 76%  119M 1s
143600K .......... .......... .......... .......... .......... 76%  124M 1s
143650K .......... .......... .......... .......... .......... 76%  125M 1s
143700K .......... .......... .......... .......... .......... 76%  130M 1s
143750K .......... .......... .......... .......... .......... 76%  119M 1s
143800K .......... .......... .......... .......... .......... 76%  106M 1s
143850K .......... .......... .......... .......... .......... 76%  128M 1s
143900K .......... .......... .......... .......... .......... 76%  134M 1s
143950K .......... .......... .......... .......... .......... 76%  109M 1s
144000K .......... .......... .......... .......... .......... 76%  129M 1s
144050K .......... .......... .......... .......... .......... 76%  135M 1s
144100K .......... .......... .......... .......... .......... 76%  132M 1s
144150K .......... .......... .......... .......... .......... 76%  106M 1s
144200K .......... .......... .......... .......... .......... 76%  132M 1s
144250K .......... .......... .......... .......... .......... 76%  129M 1s
144300K .......... .......... .......... .......... .......... 76%  130M 1s
144350K .......... .......... .......... .......... .......... 76% 73.8M 1s
144400K .......... .......... .......... .......... .......... 77%  130M 1s
144450K .......... .......... .......... .......... .......... 77%  132M 1s
144500K .......... .......... .......... .......... .......... 77%  130M 1s
144550K .......... .......... .......... .......... .......... 77%  121M 1s
144600K .......... .......... .......... .......... .......... 77%  133M 1s
144650K .......... .......... .......... .......... .......... 77%  128M 1s
144700K .......... .......... .......... .......... .......... 77%  132M 1s
144750K .......... .......... .......... .......... .......... 77%  113M 1s
144800K .......... .......... .......... .......... .......... 77%  135M 1s
144850K .......... .......... .......... .......... .......... 77%  127M 1s
144900K .......... .......... .......... .......... .......... 77%  125M 1s
144950K .......... .......... .......... .......... .......... 77%  119M 1s
145000K .......... .......... .......... .......... .......... 77%  133M 1s
145050K .......... .......... .......... .......... .......... 77%  132M 1s
145100K .......... .......... .......... .......... .......... 77%  126M 1s
145150K .......... .......... .......... .......... .......... 77%  109M 1s
145200K .......... .......... .......... .......... .......... 77%  137M 1s
145250K .......... .......... .......... .......... .......... 77%  143M 1s
145300K .......... .......... .......... .......... .......... 77%  141M 1s
145350K .......... .......... .......... .......... .......... 77%  126M 1s
145400K .......... .......... .......... .......... .......... 77%  133M 1s
145450K .......... .......... .......... .......... .......... 77%  138M 1s
145500K .......... .......... .......... .......... .......... 77%  138M 1s
145550K .......... .......... .......... .......... .......... 77%  117M 1s
145600K .......... .......... .......... .......... .......... 77%  133M 1s
145650K .......... .......... .......... .......... .......... 77%  128M 1s
145700K .......... .......... .......... .......... .......... 77%  135M 1s
145750K .......... .......... .......... .......... .......... 77%  124M 1s
145800K .......... .......... .......... .......... .......... 77%  137M 1s
145850K .......... .......... .......... .......... .......... 77%  138M 1s
145900K .......... .......... .......... .......... .......... 77%  134M 1s
145950K .......... .......... .......... .......... .......... 77%  112M 1s
146000K .......... .......... .......... .......... .......... 77%  140M 1s
146050K .......... .......... .......... .......... .......... 77%  134M 1s
146100K .......... .......... .......... .......... .......... 77%  139M 1s
146150K .......... .......... .......... .......... .......... 77%  124M 1s
146200K .......... .......... .......... .......... .......... 77%  125M 1s
146250K .......... .......... .......... .......... .......... 78%  141M 1s
146300K .......... .......... .......... .......... .......... 78%  145M 1s
146350K .......... .......... .......... .......... .......... 78%  118M 1s
146400K .......... .......... .......... .......... .......... 78%  137M 1s
146450K .......... .......... .......... .......... .......... 78%  132M 1s
146500K .......... .......... .......... .......... .......... 78%  134M 1s
146550K .......... .......... .......... .......... .......... 78%  128M 1s
146600K .......... .......... .......... .......... .......... 78%  126M 1s
146650K .......... .......... .......... .......... .......... 78%  133M 1s
146700K .......... .......... .......... .......... .......... 78%  127M 1s
146750K .......... .......... .......... .......... .......... 78%  116M 1s
146800K .......... .......... .......... .......... .......... 78%  138M 1s
146850K .......... .......... .......... .......... .......... 78%  133M 1s
146900K .......... .......... .......... .......... .......... 78%  144M 1s
146950K .......... .......... .......... .......... .......... 78%  118M 1s
147000K .......... .......... .......... .......... .......... 78%  138M 1s
147050K .......... .......... .......... .......... .......... 78%  135M 1s
147100K .......... .......... .......... .......... .......... 78%  142M 1s
147150K .......... .......... .......... .......... .......... 78%  111M 1s
147200K .......... .......... .......... .......... .......... 78%  138M 1s
147250K .......... .......... .......... .......... .......... 78%  137M 1s
147300K .......... .......... .......... .......... .......... 78%  144M 1s
147350K .......... .......... .......... .......... .......... 78%  121M 1s
147400K .......... .......... .......... .......... .......... 78%  130M 1s
147450K .......... .......... .......... .......... .......... 78%  141M 1s
147500K .......... .......... .......... .......... .......... 78%  144M 1s
147550K .......... .......... .......... .......... .......... 78%  112M 1s
147600K .......... .......... .......... .......... .......... 78%  140M 1s
147650K .......... .......... .......... .......... .......... 78%  133M 1s
147700K .......... .......... .......... .......... .......... 78%  132M 1s
147750K .......... .......... .......... .......... .......... 78%  133M 1s
147800K .......... .......... .......... .......... .......... 78%  137M 1s
147850K .......... .......... .......... .......... .......... 78%  133M 1s
147900K .......... .......... .......... .......... .......... 78%  127M 1s
147950K .......... .......... .......... .......... .......... 78% 79.2M 1s
148000K .......... .......... .......... .......... .......... 78%  143M 1s
148050K .......... .......... .......... .......... .......... 78%  135M 1s
148100K .......... .......... .......... .......... .......... 78%  138M 1s
148150K .......... .......... .......... .......... .......... 79%  123M 1s
148200K .......... .......... .......... .......... .......... 79%  141M 1s
148250K .......... .......... .......... .......... .......... 79%  138M 1s
148300K .......... .......... .......... .......... .......... 79%  128M 1s
148350K .......... .......... .......... .......... .......... 79%  114M 1s
148400K .......... .......... .......... .......... .......... 79%  143M 1s
148450K .......... .......... .......... .......... .......... 79%  142M 1s
148500K .......... .......... .......... .......... .......... 79%  130M 1s
148550K .......... .......... .......... .......... .......... 79%  122M 1s
148600K .......... .......... .......... .......... .......... 79%  141M 1s
148650K .......... .......... .......... .......... .......... 79%  140M 1s
148700K .......... .......... .......... .......... .......... 79%  131M 1s
148750K .......... .......... .......... .......... .......... 79%  110M 1s
148800K .......... .......... .......... .......... .......... 79%  130M 1s
148850K .......... .......... .......... .......... .......... 79%  140M 1s
148900K .......... .......... .......... .......... .......... 79%  144M 1s
148950K .......... .......... .......... .......... .......... 79%  121M 1s
149000K .......... .......... .......... .......... .......... 79%  137M 1s
149050K .......... .......... .......... .......... .......... 79%  133M 1s
149100K .......... .......... .......... .......... .......... 79%  146M 1s
149150K .......... .......... .......... .......... .......... 79%  126M 1s
149200K .......... .......... .......... .......... .......... 79%  141M 1s
149250K .......... .......... .......... .......... .......... 79%  160M 1s
149300K .......... .......... .......... .......... .......... 79%  150M 1s
149350K .......... .......... .......... .......... .......... 79%  139M 1s
149400K .......... .......... .......... .......... .......... 79%  161M 1s
149450K .......... .......... .......... .......... .......... 79%  141M 1s
149500K .......... .......... .......... .......... .......... 79%  157M 1s
149550K .......... .......... .......... .......... .......... 79%  126M 1s
149600K .......... .......... .......... .......... .......... 79%  150M 1s
149650K .......... .......... .......... .......... .......... 79%  146M 1s
149700K .......... .......... .......... .......... .......... 79%  159M 1s
149750K .......... .......... .......... .......... .......... 79%  131M 1s
149800K .......... .......... .......... .......... .......... 79%  146M 1s
149850K .......... .......... .......... .......... .......... 79%  159M 1s
149900K .......... .......... .......... .......... .......... 79%  155M 1s
149950K .......... .......... .......... .......... .......... 79%  126M 1s
150000K .......... .......... .......... .......... .......... 80%  156M 1s
150050K .......... .......... .......... .......... .......... 80%  151M 1s
150100K .......... .......... .......... .......... .......... 80%  157M 1s
150150K .......... .......... .......... .......... .......... 80%  141M 1s
150200K .......... .......... .......... .......... .......... 80%  155M 0s
150250K .......... .......... .......... .......... .......... 80%  154M 0s
150300K .......... .......... .......... .......... .......... 80%  154M 0s
150350K .......... .......... .......... .......... .......... 80%  127M 0s
150400K .......... .......... .......... .......... .......... 80%  156M 0s
150450K .......... .......... .......... .......... .......... 80%  155M 0s
150500K .......... .......... .......... .......... .......... 80%  155M 0s
150550K .......... .......... .......... .......... .......... 80%  145M 0s
150600K .......... .......... .......... .......... .......... 80%  149M 0s
150650K .......... .......... .......... .......... .......... 80%  143M 0s
150700K .......... .......... .......... .......... .......... 80%  158M 0s
150750K .......... .......... .......... .......... .......... 80%  134M 0s
150800K .......... .......... .......... .......... .......... 80%  142M 0s
150850K .......... .......... .......... .......... .......... 80%  154M 0s
150900K .......... .......... .......... .......... .......... 80%  154M 0s
150950K .......... .......... .......... .......... .......... 80%  133M 0s
151000K .......... .......... .......... .......... .......... 80%  156M 0s
151050K .......... .......... .......... .......... .......... 80%  151M 0s
151100K .......... .......... .......... .......... .......... 80%  148M 0s
151150K .......... .......... .......... .......... .......... 80%  133M 0s
151200K .......... .......... .......... .......... .......... 80%  151M 0s
151250K .......... .......... .......... .......... .......... 80%  159M 0s
151300K .......... .......... .......... .......... .......... 80%  151M 0s
151350K .......... .......... .......... .......... .......... 80%  144M 0s
151400K .......... .......... .......... .......... .......... 80%  147M 0s
151450K .......... .......... .......... .......... .......... 80%  157M 0s
151500K .......... .......... .......... .......... .......... 80%  159M 0s
151550K .......... .......... .......... .......... .......... 80%  120M 0s
151600K .......... .......... .......... .......... .......... 80%  154M 0s
151650K .......... .......... .......... .......... .......... 80%  165M 0s
151700K .......... .......... .......... .......... .......... 80%  246M 0s
151750K .......... .......... .......... .......... .......... 80%  258M 0s
151800K .......... .......... .......... .......... .......... 80%  282M 0s
151850K .......... .......... .......... .......... .......... 80%  273M 0s
151900K .......... .......... .......... .......... .......... 81%  291M 0s
151950K .......... .......... .......... .......... .......... 81%  239M 0s
152000K .......... .......... .......... .......... .......... 81%  281M 0s
152050K .......... .......... .......... .......... .......... 81%  294M 0s
152100K .......... .......... .......... .......... .......... 81%  292M 0s
152150K .......... .......... .......... .......... .......... 81%  266M 0s
152200K .......... .......... .......... .......... .......... 81%  289M 0s
152250K .......... .......... .......... .......... .......... 81%  297M 0s
152300K .......... .......... .......... .......... .......... 81%  281M 0s
152350K .......... .......... .......... .......... .......... 81%  241M 0s
152400K .......... .......... .......... .......... .......... 81%  292M 0s
152450K .......... .......... .......... .......... .......... 81%  295M 0s
152500K .......... .......... .......... .......... .......... 81%  295M 0s
152550K .......... .......... .......... .......... .......... 81%  256M 0s
152600K .......... .......... .......... .......... .......... 81%  301M 0s
152650K .......... .......... .......... .......... .......... 81%  299M 0s
152700K .......... .......... .......... .......... .......... 81%  292M 0s
152750K .......... .......... .......... .......... .......... 81%  250M 0s
152800K .......... .......... .......... .......... .......... 81%  303M 0s
152850K .......... .......... .......... .......... .......... 81%  287M 0s
152900K .......... .......... .......... .......... .......... 81%  293M 0s
152950K .......... .......... .......... .......... .......... 81%  268M 0s
153000K .......... .......... .......... .......... .......... 81%  298M 0s
153050K .......... .......... .......... .......... .......... 81%  283M 0s
153100K .......... .......... .......... .......... .......... 81%  298M 0s
153150K .......... .......... .......... .......... .......... 81%  242M 0s
153200K .......... .......... .......... .......... .......... 81%  304M 0s
153250K .......... .......... .......... .......... .......... 81%  302M 0s
153300K .......... .......... .......... .......... .......... 81%  292M 0s
153350K .......... .......... .......... .......... .......... 81%  247M 0s
153400K .......... .......... .......... .......... .......... 81%  281M 0s
153450K .......... .......... .......... .......... .......... 81%  276M 0s
153500K .......... .......... .......... .......... .......... 81%  293M 0s
153550K .......... .......... .......... .......... .......... 81%  263M 0s
153600K .......... .......... .......... .......... .......... 81%  825K 0s
153650K .......... .......... .......... .......... .......... 81%  263M 0s
153700K .......... .......... .......... .......... .......... 81%  118M 0s
153750K .......... .......... .......... .......... .......... 81% 69.1M 0s
153800K .......... .......... .......... .......... .......... 82%  107M 0s
153850K .......... .......... .......... .......... .......... 82%  124M 0s
153900K .......... .......... .......... .......... .......... 82%  133M 0s
153950K .......... .......... .......... .......... .......... 82%  100M 0s
154000K .......... .......... .......... .......... .......... 82%  131M 0s
154050K .......... .......... .......... .......... .......... 82%  132M 0s
154100K .......... .......... .......... .......... .......... 82%  125M 0s
154150K .......... .......... .......... .......... .......... 82%  121M 0s
154200K .......... .......... .......... .......... .......... 82%  122M 0s
154250K .......... .......... .......... .......... .......... 82%  125M 0s
154300K .......... .......... .......... .......... .......... 82%  131M 0s
154350K .......... .......... .......... .......... .......... 82%  109M 0s
154400K .......... .......... .......... .......... .......... 82%  129M 0s
154450K .......... .......... .......... .......... .......... 82%  127M 0s
154500K .......... .......... .......... .......... .......... 82%  130M 0s
154550K .......... .......... .......... .......... .......... 82%  116M 0s
154600K .......... .......... .......... .......... .......... 82%  128M 0s
154650K .......... .......... .......... .......... .......... 82%  129M 0s
154700K .......... .......... .......... .......... .......... 82%  123M 0s
154750K .......... .......... .......... .......... .......... 82%  106M 0s
154800K .......... .......... .......... .......... .......... 82%  130M 0s
154850K .......... .......... .......... .......... .......... 82%  122M 0s
154900K .......... .......... .......... .......... .......... 82%  129M 0s
154950K .......... .......... .......... .......... .......... 82%  117M 0s
155000K .......... .......... .......... .......... .......... 82%  128M 0s
155050K .......... .......... .......... .......... .......... 82%  128M 0s
155100K .......... .......... .......... .......... .......... 82%  126M 0s
155150K .......... .......... .......... .......... .......... 82%  108M 0s
155200K .......... .......... .......... .......... .......... 82%  130M 0s
155250K .......... .......... .......... .......... .......... 82%  126M 0s
155300K .......... .......... .......... .......... .......... 82%  124M 0s
155350K .......... .......... .......... .......... .......... 82%  114M 0s
155400K .......... .......... .......... .......... .......... 82%  141M 0s
155450K .......... .......... .......... .......... .......... 82%  133M 0s
155500K .......... .......... .......... .......... .......... 82%  133M 0s
155550K .......... .......... .......... .......... .......... 82%  114M 0s
155600K .......... .......... .......... .......... .......... 82%  138M 0s
155650K .......... .......... .......... .......... .......... 83%  141M 0s
155700K .......... .......... .......... .......... .......... 83%  133M 0s
155750K .......... .......... .......... .......... .......... 83%  111M 0s
155800K .......... .......... .......... .......... .......... 83%  140M 0s
155850K .......... .......... .......... .......... .......... 83%  140M 0s
155900K .......... .......... .......... .......... .......... 83%  124M 0s
155950K .......... .......... .......... .......... .......... 83%  112M 0s
156000K .......... .......... .......... .......... .......... 83% 85.4M 0s
156050K .......... .......... .......... .......... .......... 83%  134M 0s
156100K .......... .......... .......... .......... .......... 83%  128M 0s
156150K .......... .......... .......... .......... .......... 83%  124M 0s
156200K .......... .......... .......... .......... .......... 83%  133M 0s
156250K .......... .......... .......... .......... .......... 83%  129M 0s
156300K .......... .......... .......... .......... .......... 83%  141M 0s
156350K .......... .......... .......... .......... .......... 83%  107M 0s
156400K .......... .......... .......... .......... .......... 83%  139M 0s
156450K .......... .......... .......... .......... .......... 83%  134M 0s
156500K .......... .......... .......... .......... .......... 83%  132M 0s
156550K .......... .......... .......... .......... .......... 83%  126M 0s
156600K .......... .......... .......... .......... .......... 83%  135M 0s
156650K .......... .......... .......... .......... .......... 83%  135M 0s
156700K .......... .......... .......... .......... .......... 83%  132M 0s
156750K .......... .......... .......... .......... .......... 83%  107M 0s
156800K .......... .......... .......... .......... .......... 83%  137M 0s
156850K .......... .......... .......... .......... .......... 83%  135M 0s
156900K .......... .......... .......... .......... .......... 83%  133M 0s
156950K .......... .......... .......... .......... .......... 83%  121M 0s
157000K .......... .......... .......... .......... .......... 83%  133M 0s
157050K .......... .......... .......... .......... .......... 83%  130M 0s
157100K .......... .......... .......... .......... .......... 83%  134M 0s
157150K .......... .......... .......... .......... .......... 83%  108M 0s
157200K .......... .......... .......... .......... .......... 83%  134M 0s
157250K .......... .......... .......... .......... .......... 83%  130M 0s
157300K .......... .......... .......... .......... .......... 83%  130M 0s
157350K .......... .......... .......... .......... .......... 83%  122M 0s
157400K .......... .......... .......... .......... .......... 83%  130M 0s
157450K .......... .......... .......... .......... .......... 83%  137M 0s
157500K .......... .......... .......... .......... .......... 83%  127M 0s
157550K .......... .......... .......... .......... .......... 84%  110M 0s
157600K .......... .......... .......... .......... .......... 84%  134M 0s
157650K .......... .......... .......... .......... .......... 84%  126M 0s
157700K .......... .......... .......... .......... .......... 84%  127M 0s
157750K .......... .......... .......... .......... .......... 84%  115M 0s
157800K .......... .......... .......... .......... .......... 84%  121M 0s
157850K .......... .......... .......... .......... .......... 84%  131M 0s
157900K .......... .......... .......... .......... .......... 84%  131M 0s
157950K .......... .......... .......... .......... .......... 84%  108M 0s
158000K .......... .......... .......... .......... .......... 84%  130M 0s
158050K .......... .......... .......... .......... .......... 84%  131M 0s
158100K .......... .......... .......... .......... .......... 84%  127M 0s
158150K .......... .......... .......... .......... .......... 84%  120M 0s
158200K .......... .......... .......... .......... .......... 84%  128M 0s
158250K .......... .......... .......... .......... .......... 84%  132M 0s
158300K .......... .......... .......... .......... .......... 84%  135M 0s
158350K .......... .......... .......... .......... .......... 84%  105M 0s
158400K .......... .......... .......... .......... .......... 84%  136M 0s
158450K .......... .......... .......... .......... .......... 84%  123M 0s
158500K .......... .......... .......... .......... .......... 84%  138M 0s
158550K .......... .......... .......... .......... .......... 84%  113M 0s
158600K .......... .......... .......... .......... .......... 84%  135M 0s
158650K .......... .......... .......... .......... .......... 84%  140M 0s
158700K .......... .......... .......... .......... .......... 84%  133M 0s
158750K .......... .......... .......... .......... .......... 84%  110M 0s
158800K .......... .......... .......... .......... .......... 84%  131M 0s
158850K .......... .......... .......... .......... .......... 84%  123M 0s
158900K .......... .......... .......... .......... .......... 84%  141M 0s
158950K .......... .......... .......... .......... .......... 84%  119M 0s
159000K .......... .......... .......... .......... .......... 84%  138M 0s
159050K .......... .......... .......... .......... .......... 84%  128M 0s
159100K .......... .......... .......... .......... .......... 84%  124M 0s
159150K .......... .......... .......... .......... .......... 84%  116M 0s
159200K .......... .......... .......... .......... .......... 84%  137M 0s
159250K .......... .......... .......... .......... .......... 84%  137M 0s
159300K .......... .......... .......... .......... .......... 84%  131M 0s
159350K .......... .......... .......... .......... .......... 84%  109M 0s
159400K .......... .......... .......... .......... .......... 85%  134M 0s
159450K .......... .......... .......... .......... .......... 85%  142M 0s
159500K .......... .......... .......... .......... .......... 85%  149M 0s
159550K .......... .......... .......... .......... .......... 85%  134M 0s
159600K .......... .......... .......... .......... .......... 85%  148M 0s
159650K .......... .......... .......... .......... .......... 85%  138M 0s
159700K .......... .......... .......... .......... .......... 85%  155M 0s
159750K .......... .......... .......... .......... .......... 85%  144M 0s
159800K .......... .......... .......... .......... .......... 85%  151M 0s
159850K .......... .......... .......... .......... .......... 85%  114M 0s
159900K .......... .......... .......... .......... .......... 85%  150M 0s
159950K .......... .......... .......... .......... .......... 85%  112M 0s
160000K .......... .......... .......... .......... .......... 85%  152M 0s
160050K .......... .......... .......... .......... .......... 85%  157M 0s
160100K .......... .......... .......... .......... .......... 85%  161M 0s
160150K .......... .......... .......... .......... .......... 85%  144M 0s
160200K .......... .......... .......... .......... .......... 85%  154M 0s
160250K .......... .......... .......... .......... .......... 85%  140M 0s
160300K .......... .......... .......... .......... .......... 85%  151M 0s
160350K .......... .......... .......... .......... .......... 85%  129M 0s
160400K .......... .......... .......... .......... .......... 85%  160M 0s
160450K .......... .......... .......... .......... .......... 85%  155M 0s
160500K .......... .......... .......... .......... .......... 85%  141M 0s
160550K .......... .......... .......... .......... .......... 85%  137M 0s
160600K .......... .......... .......... .......... .......... 85%  152M 0s
160650K .......... .......... .......... .......... .......... 85%  146M 0s
160700K .......... .......... .......... .......... .......... 85%  155M 0s
160750K .......... .......... .......... .......... .......... 85%  135M 0s
160800K .......... .......... .......... .......... .......... 85%  139M 0s
160850K .......... .......... .......... .......... .......... 85%  149M 0s
160900K .......... .......... .......... .......... .......... 85%  160M 0s
160950K .......... .......... .......... .......... .......... 85%  125M 0s
161000K .......... .......... .......... .......... .......... 85%  155M 0s
161050K .......... .......... .......... .......... .......... 85%  161M 0s
161100K .......... .......... .......... .......... .......... 85%  147M 0s
161150K .......... .......... .......... .......... .......... 85%  128M 0s
161200K .......... .......... .......... .......... .......... 85%  160M 0s
161250K .......... .......... .......... .......... .......... 85%  140M 0s
161300K .......... .......... .......... .......... .......... 86%  160M 0s
161350K .......... .......... .......... .......... .......... 86%  139M 0s
161400K .......... .......... .......... .......... .......... 86%  156M 0s
161450K .......... .......... .......... .......... .......... 86%  148M 0s
161500K .......... .......... .......... .......... .......... 86%  150M 0s
161550K .......... .......... .......... .......... .......... 86%  116M 0s
161600K .......... .......... .......... .......... .......... 86%  160M 0s
161650K .......... .......... .......... .......... .......... 86%  162M 0s
161700K .......... .......... .......... .......... .......... 86%  153M 0s
161750K .......... .......... .......... .......... .......... 86%  135M 0s
161800K .......... .......... .......... .......... .......... 86%  144M 0s
161850K .......... .......... .......... .......... .......... 86%  130M 0s
161900K .......... .......... .......... .......... .......... 86%  144M 0s
161950K .......... .......... .......... .......... .......... 86%  135M 0s
162000K .......... .......... .......... .......... .......... 86%  151M 0s
162050K .......... .......... .......... .......... .......... 86%  157M 0s
162100K .......... .......... .......... .......... .......... 86%  151M 0s
162150K .......... .......... .......... .......... .......... 86%  138M 0s
162200K .......... .......... .......... .......... .......... 86%  158M 0s
162250K .......... .......... .......... .......... .......... 86%  161M 0s
162300K .......... .......... .......... .......... .......... 86%  153M 0s
162350K .......... .......... .......... .......... .......... 86%  133M 0s
162400K .......... .......... .......... .......... .......... 86%  160M 0s
162450K .......... .......... .......... .......... .......... 86%  153M 0s
162500K .......... .......... .......... .......... .......... 86%  155M 0s
162550K .......... .......... .......... .......... .......... 86%  145M 0s
162600K .......... .......... .......... .......... .......... 86%  148M 0s
162650K .......... .......... .......... .......... .......... 86%  161M 0s
162700K .......... .......... .......... .......... .......... 86%  158M 0s
162750K .......... .......... .......... .......... .......... 86%  132M 0s
162800K .......... .......... .......... .......... .......... 86%  154M 0s
162850K .......... .......... .......... .......... .......... 86%  162M 0s
162900K .......... .......... .......... .......... .......... 86%  159M 0s
162950K .......... .......... .......... .......... .......... 86%  139M 0s
163000K .......... .......... .......... .......... .......... 86%  160M 0s
163050K .......... .......... .......... .......... .......... 86%  159M 0s
163100K .......... .......... .......... .......... .......... 86%  154M 0s
163150K .......... .......... .......... .......... .......... 87%  132M 0s
163200K .......... .......... .......... .......... .......... 87%  163M 0s
163250K .......... .......... .......... .......... .......... 87%  155M 0s
163300K .......... .......... .......... .......... .......... 87%  159M 0s
163350K .......... .......... .......... .......... .......... 87%  144M 0s
163400K .......... .......... .......... .......... .......... 87%  155M 0s
163450K .......... .......... .......... .......... .......... 87%  162M 0s
163500K .......... .......... .......... .......... .......... 87%  160M 0s
163550K .......... .......... .......... .......... .......... 87%  126M 0s
163600K .......... .......... .......... .......... .......... 87%  159M 0s
163650K .......... .......... .......... .......... .......... 87%  160M 0s
163700K .......... .......... .......... .......... .......... 87%  152M 0s
163750K .......... .......... .......... .......... .......... 87%  145M 0s
163800K .......... .......... .......... .......... .......... 87%  881K 0s
163850K .......... .......... .......... .......... .......... 87%  137M 0s
163900K .......... .......... .......... .......... .......... 87%  133M 0s
163950K .......... .......... .......... .......... .......... 87%  111M 0s
164000K .......... .......... .......... .......... .......... 87%  146M 0s
164050K .......... .......... .......... .......... .......... 87% 81.9M 0s
164100K .......... .......... .......... .......... .......... 87%  129M 0s
164150K .......... .......... .......... .......... .......... 87%  114M 0s
164200K .......... .......... .......... .......... .......... 87%  124M 0s
164250K .......... .......... .......... .......... .......... 87%  124M 0s
164300K .......... .......... .......... .......... .......... 87%  113M 0s
164350K .......... .......... .......... .......... .......... 87%  101M 0s
164400K .......... .......... .......... .......... .......... 87%  131M 0s
164450K .......... .......... .......... .......... .......... 87%  120M 0s
164500K .......... .......... .......... .......... .......... 87%  112M 0s
164550K .......... .......... .......... .......... .......... 87%  110M 0s
164600K .......... .......... .......... .......... .......... 87%  131M 0s
164650K .......... .......... .......... .......... .......... 87%  129M 0s
164700K .......... .......... .......... .......... .......... 87%  132M 0s
164750K .......... .......... .......... .......... .......... 87%  106M 0s
164800K .......... .......... .......... .......... .......... 87%  132M 0s
164850K .......... .......... .......... .......... .......... 87%  128M 0s
164900K .......... .......... .......... .......... .......... 87%  128M 0s
164950K .......... .......... .......... .......... .......... 87%  119M 0s
165000K .......... .......... .......... .......... .......... 87%  133M 0s
165050K .......... .......... .......... .......... .......... 88%  127M 0s
165100K .......... .......... .......... .......... .......... 88%  128M 0s
165150K .......... .......... .......... .......... .......... 88%  107M 0s
165200K .......... .......... .......... .......... .......... 88%  130M 0s
165250K .......... .......... .......... .......... .......... 88%  134M 0s
165300K .......... .......... .......... .......... .......... 88%  127M 0s
165350K .......... .......... .......... .......... .......... 88%  121M 0s
165400K .......... .......... .......... .......... .......... 88%  128M 0s
165450K .......... .......... .......... .......... .......... 88%  139M 0s
165500K .......... .......... .......... .......... .......... 88%  102M 0s
165550K .......... .......... .......... .......... .......... 88%  109M 0s
165600K .......... .......... .......... .......... .......... 88%  140M 0s
165650K .......... .......... .......... .......... .......... 88%  126M 0s
165700K .......... .......... .......... .......... .......... 88%  136M 0s
165750K .......... .......... .......... .......... .......... 88%  123M 0s
165800K .......... .......... .......... .......... .......... 88%  127M 0s
165850K .......... .......... .......... .......... .......... 88%  135M 0s
165900K .......... .......... .......... .......... .......... 88%  136M 0s
165950K .......... .......... .......... .......... .......... 88%  100M 0s
166000K .......... .......... .......... .......... .......... 88%  118M 0s
166050K .......... .......... .......... .......... .......... 88%  131M 0s
166100K .......... .......... .......... .......... .......... 88%  136M 0s
166150K .......... .......... .......... .......... .......... 88%  112M 0s
166200K .......... .......... .......... .......... .......... 88%  128M 0s
166250K .......... .......... .......... .......... .......... 88%  130M 0s
166300K .......... .......... .......... .......... .......... 88%  125M 0s
166350K .......... .......... .......... .......... .......... 88%  113M 0s
166400K .......... .......... .......... .......... .......... 88%  140M 0s
166450K .......... .......... .......... .......... .......... 88%  132M 0s
166500K .......... .......... .......... .......... .......... 88%  140M 0s
166550K .......... .......... .......... .......... .......... 88%  117M 0s
166600K .......... .......... .......... .......... .......... 88%  135M 0s
166650K .......... .......... .......... .......... .......... 88%  137M 0s
166700K .......... .......... .......... .......... .......... 88%  128M 0s
166750K .......... .......... .......... .......... .......... 88%  116M 0s
166800K .......... .......... .......... .......... .......... 88%  136M 0s
166850K .......... .......... .......... .......... .......... 88%  127M 0s
166900K .......... .......... .......... .......... .......... 89%  131M 0s
166950K .......... .......... .......... .......... .......... 89%  120M 0s
167000K .......... .......... .......... .......... .......... 89%  127M 0s
167050K .......... .......... .......... .......... .......... 89%  136M 0s
167100K .......... .......... .......... .......... .......... 89%  139M 0s
167150K .......... .......... .......... .......... .......... 89%  111M 0s
167200K .......... .......... .......... .......... .......... 89%  131M 0s
167250K .......... .......... .......... .......... .......... 89%  136M 0s
167300K .......... .......... .......... .......... .......... 89%  127M 0s
167350K .......... .......... .......... .......... .......... 89%  115M 0s
167400K .......... .......... .......... .......... .......... 89%  137M 0s
167450K .......... .......... .......... .......... .......... 89%  138M 0s
167500K .......... .......... .......... .......... .......... 89%  126M 0s
167550K .......... .......... .......... .......... .......... 89%  115M 0s
167600K .......... .......... .......... .......... .......... 89%  130M 0s
167650K .......... .......... .......... .......... .......... 89%  137M 0s
167700K .......... .......... .......... .......... .......... 89%  140M 0s
167750K .......... .......... .......... .......... .......... 89%  115M 0s
167800K .......... .......... .......... .......... .......... 89%  132M 0s
167850K .......... .......... .......... .......... .......... 89%  134M 0s
167900K .......... .......... .......... .......... .......... 89%  125M 0s
167950K .......... .......... .......... .......... .......... 89%  114M 0s
168000K .......... .......... .......... .......... .......... 89%  126M 0s
168050K .......... .......... .......... .......... .......... 89%  129M 0s
168100K .......... .......... .......... .......... .......... 89%  128M 0s
168150K .......... .......... .......... .......... .......... 89%  117M 0s
168200K .......... .......... .......... .......... .......... 89%  135M 0s
168250K .......... .......... .......... .......... .......... 89%  132M 0s
168300K .......... .......... .......... .......... .......... 89%  139M 0s
168350K .......... .......... .......... .......... .......... 89% 82.0M 0s
168400K .......... .......... .......... .......... .......... 89%  137M 0s
168450K .......... .......... .......... .......... .......... 89%  137M 0s
168500K .......... .......... .......... .......... .......... 89% 99.2M 0s
168550K .......... .......... .......... .......... .......... 89%  129M 0s
168600K .......... .......... .......... .......... .......... 89%  144M 0s
168650K .......... .......... .......... .......... .......... 89%  132M 0s
168700K .......... .......... .......... .......... .......... 89%  143M 0s
168750K .......... .......... .......... .......... .......... 89%  113M 0s
168800K .......... .......... .......... .......... .......... 90%  135M 0s
168850K .......... .......... .......... .......... .......... 90%  144M 0s
168900K .......... .......... .......... .......... .......... 90%  142M 0s
168950K .......... .......... .......... .......... .......... 90%  123M 0s
169000K .......... .......... .......... .......... .......... 90%  139M 0s
169050K .......... .......... .......... .......... .......... 90%  134M 0s
169100K .......... .......... .......... .......... .......... 90%  140M 0s
169150K .......... .......... .......... .......... .......... 90%  114M 0s
169200K .......... .......... .......... .......... .......... 90%  139M 0s
169250K .......... .......... .......... .......... .......... 90%  143M 0s
169300K .......... .......... .......... .......... .......... 90%  132M 0s
169350K .......... .......... .......... .......... .......... 90%  127M 0s
169400K .......... .......... .......... .......... .......... 90%  137M 0s
169450K .......... .......... .......... .......... .......... 90%  137M 0s
169500K .......... .......... .......... .......... .......... 90%  133M 0s
169550K .......... .......... .......... .......... .......... 90%  112M 0s
169600K .......... .......... .......... .......... .......... 90%  132M 0s
169650K .......... .......... .......... .......... .......... 90%  143M 0s
169700K .......... .......... .......... .......... .......... 90%  139M 0s
169750K .......... .......... .......... .......... .......... 90%  124M 0s
169800K .......... .......... .......... .......... .......... 90%  136M 0s
169850K .......... .......... .......... .......... .......... 90%  136M 0s
169900K .......... .......... .......... .......... .......... 90%  135M 0s
169950K .......... .......... .......... .......... .......... 90%  118M 0s
170000K .......... .......... .......... .......... .......... 90%  133M 0s
170050K .......... .......... .......... .......... .......... 90%  134M 0s
170100K .......... .......... .......... .......... .......... 90%  137M 0s
170150K .......... .......... .......... .......... .......... 90%  129M 0s
170200K .......... .......... .......... .......... .......... 90%  139M 0s
170250K .......... .......... .......... .......... .......... 90%  128M 0s
170300K .......... .......... .......... .......... .......... 90%  142M 0s
170350K .......... .......... .......... .......... .......... 90%  117M 0s
170400K .......... .......... .......... .......... .......... 90%  126M 0s
170450K .......... .......... .......... .......... .......... 90%  143M 0s
170500K .......... .......... .......... .......... .......... 90%  127M 0s
170550K .......... .......... .......... .......... .......... 90%  126M 0s
170600K .......... .......... .......... .......... .......... 90%  139M 0s
170650K .......... .......... .......... .......... .......... 91%  134M 0s
170700K .......... .......... .......... .......... .......... 91%  137M 0s
170750K .......... .......... .......... .......... .......... 91%  117M 0s
170800K .......... .......... .......... .......... .......... 91%  141M 0s
170850K .......... .......... .......... .......... .......... 91%  155M 0s
170900K .......... .......... .......... .......... .......... 91%  156M 0s
170950K .......... .......... .......... .......... .......... 91%  137M 0s
171000K .......... .......... .......... .......... .......... 91%  157M 0s
171050K .......... .......... .......... .......... .......... 91%  155M 0s
171100K .......... .......... .......... .......... .......... 91%  155M 0s
171150K .......... .......... .......... .......... .......... 91%  130M 0s
171200K .......... .......... .......... .......... .......... 91%  156M 0s
171250K .......... .......... .......... .......... .......... 91%  145M 0s
171300K .......... .......... .......... .......... .......... 91%  159M 0s
171350K .......... .......... .......... .......... .......... 91%  139M 0s
171400K .......... .......... .......... .......... .......... 91%  153M 0s
171450K .......... .......... .......... .......... .......... 91%  149M 0s
171500K .......... .......... .......... .......... .......... 91%  159M 0s
171550K .......... .......... .......... .......... .......... 91%  130M 0s
171600K .......... .......... .......... .......... .......... 91%  152M 0s
171650K .......... .......... .......... .......... .......... 91%  162M 0s
171700K .......... .......... .......... .......... .......... 91%  145M 0s
171750K .......... .......... .......... .......... .......... 91%  141M 0s
171800K .......... .......... .......... .......... .......... 91%  156M 0s
171850K .......... .......... .......... .......... .......... 91%  156M 0s
171900K .......... .......... .......... .......... .......... 91%  150M 0s
171950K .......... .......... .......... .......... .......... 91%  132M 0s
172000K .......... .......... .......... .......... .......... 91%  150M 0s
172050K .......... .......... .......... .......... .......... 91%  151M 0s
172100K .......... .......... .......... .......... .......... 91% 95.8M 0s
172150K .......... .......... .......... .......... .......... 91%  131M 0s
172200K .......... .......... .......... .......... .......... 91%  152M 0s
172250K .......... .......... .......... .......... .......... 91%  164M 0s
172300K .......... .......... .......... .......... .......... 91%  157M 0s
172350K .......... .......... .......... .......... .......... 91%  135M 0s
172400K .......... .......... .......... .......... .......... 91%  162M 0s
172450K .......... .......... .......... .......... .......... 91%  156M 0s
172500K .......... .......... .......... .......... .......... 91%  165M 0s
172550K .......... .......... .......... .......... .......... 92%  147M 0s
172600K .......... .......... .......... .......... .......... 92%  149M 0s
172650K .......... .......... .......... .......... .......... 92%  159M 0s
172700K .......... .......... .......... .......... .......... 92%  159M 0s
172750K .......... .......... .......... .......... .......... 92%  132M 0s
172800K .......... .......... .......... .......... .......... 92%  159M 0s
172850K .......... .......... .......... .......... .......... 92%  165M 0s
172900K .......... .......... .......... .......... .......... 92%  156M 0s
172950K .......... .......... .......... .......... .......... 92%  145M 0s
173000K .......... .......... .......... .......... .......... 92%  163M 0s
173050K .......... .......... .......... .......... .......... 92%  154M 0s
173100K .......... .......... .......... .......... .......... 92%  158M 0s
173150K .......... .......... .......... .......... .......... 92%  137M 0s
173200K .......... .......... .......... .......... .......... 92%  156M 0s
173250K .......... .......... .......... .......... .......... 92%  159M 0s
173300K .......... .......... .......... .......... .......... 92%  160M 0s
173350K .......... .......... .......... .......... .......... 92%  144M 0s
173400K .......... .......... .......... .......... .......... 92%  169M 0s
173450K .......... .......... .......... .......... .......... 92%  300M 0s
173500K .......... .......... .......... .......... .......... 92%  302M 0s
173550K .......... .......... .......... .......... .......... 92%  246M 0s
173600K .......... .......... .......... .......... .......... 92%  298M 0s
173650K .......... .......... .......... .......... .......... 92%  281M 0s
173700K .......... .......... .......... .......... .......... 92%  288M 0s
173750K .......... .......... .......... .......... .......... 92%  266M 0s
173800K .......... .......... .......... .......... .......... 92%  285M 0s
173850K .......... .......... .......... .......... .......... 92%  296M 0s
173900K .......... .......... .......... .......... .......... 92%  298M 0s
173950K .......... .......... .......... .......... .......... 92%  237M 0s
174000K .......... .......... .......... .......... .......... 92%  288M 0s
174050K .......... .......... .......... .......... .......... 92%  898K 0s
174100K .......... .......... .......... .......... .......... 92% 94.0M 0s
174150K .......... .......... .......... .......... .......... 92%  164M 0s
174200K .......... .......... .......... .......... .......... 92%  206M 0s
174250K .......... .......... .......... .......... .......... 92%  229M 0s
174300K .......... .......... .......... .......... .......... 92% 71.2M 0s
174350K .......... .......... .......... .......... .......... 92%  156M 0s
174400K .......... .......... .......... .......... .......... 93%  145M 0s
174450K .......... .......... .......... .......... .......... 93%  146M 0s
174500K .......... .......... .......... .......... .......... 93%  124M 0s
174550K .......... .......... .......... .......... .......... 93%  137M 0s
174600K .......... .......... .......... .......... .......... 93%  129M 0s
174650K .......... .......... .......... .......... .......... 93%  139M 0s
174700K .......... .......... .......... .......... .......... 93%  110M 0s
174750K .......... .......... .......... .......... .......... 93%  138M 0s
174800K .......... .......... .......... .......... .......... 93%  130M 0s
174850K .......... .......... .......... .......... .......... 93%  128M 0s
174900K .......... .......... .......... .......... .......... 93%  121M 0s
174950K .......... .......... .......... .......... .......... 93% 87.5M 0s
175000K .......... .......... .......... .......... .......... 93%  129M 0s
175050K .......... .......... .......... .......... .......... 93%  133M 0s
175100K .......... .......... .......... .......... .......... 93%  107M 0s
175150K .......... .......... .......... .......... .......... 93%  135M 0s
175200K .......... .......... .......... .......... .......... 93%  135M 0s
175250K .......... .......... .......... .......... .......... 93%  124M 0s
175300K .......... .......... .......... .......... .......... 93% 81.9M 0s
175350K .......... .......... .......... .......... .......... 93%  131M 0s
175400K .......... .......... .......... .......... .......... 93%  135M 0s
175450K .......... .......... .......... .......... .......... 93%  136M 0s
175500K .......... .......... .......... .......... .......... 93%  108M 0s
175550K .......... .......... .......... .......... .......... 93%  138M 0s
175600K .......... .......... .......... .......... .......... 93%  121M 0s
175650K .......... .......... .......... .......... .......... 93%  126M 0s
175700K .......... .......... .......... .......... .......... 93%  122M 0s
175750K .......... .......... .......... .......... .......... 93%  134M 0s
175800K .......... .......... .......... .......... .......... 93%  126M 0s
175850K .......... .......... .......... .......... .......... 93%  126M 0s
175900K .......... .......... .......... .......... .......... 93%  107M 0s
175950K .......... .......... .......... .......... .......... 93%  139M 0s
176000K .......... .......... .......... .......... .......... 93%  133M 0s
176050K .......... .......... .......... .......... .......... 93%  135M 0s
176100K .......... .......... .......... .......... .......... 93%  115M 0s
176150K .......... .......... .......... .......... .......... 93%  134M 0s
176200K .......... .......... .......... .......... .......... 93%  145M 0s
176250K .......... .......... .......... .......... .......... 93%  137M 0s
176300K .......... .......... .......... .......... .......... 94%  110M 0s
176350K .......... .......... .......... .......... .......... 94%  135M 0s
176400K .......... .......... .......... .......... .......... 94%  132M 0s
176450K .......... .......... .......... .......... .......... 94%  142M 0s
176500K .......... .......... .......... .......... .......... 94%  120M 0s
176550K .......... .......... .......... .......... .......... 94%  131M 0s
176600K .......... .......... .......... .......... .......... 94%  132M 0s
176650K .......... .......... .......... .......... .......... 94%  127M 0s
176700K .......... .......... .......... .......... .......... 94%  110M 0s
176750K .......... .......... .......... .......... .......... 94% 87.0M 0s
176800K .......... .......... .......... .......... .......... 94%  125M 0s
176850K .......... .......... .......... .......... .......... 94%  135M 0s
176900K .......... .......... .......... .......... .......... 94%  118M 0s
176950K .......... .......... .......... .......... .......... 94%  144M 0s
177000K .......... .......... .......... .......... .......... 94%  134M 0s
177050K .......... .......... .......... .......... .......... 94%  143M 0s
177100K .......... .......... .......... .......... .......... 94%  113M 0s
177150K .......... .......... .......... .......... .......... 94%  133M 0s
177200K .......... .......... .......... .......... .......... 94%  142M 0s
177250K .......... .......... .......... .......... .......... 94%  140M 0s
177300K .......... .......... .......... .......... .......... 94%  120M 0s
177350K .......... .......... .......... .......... .......... 94%  136M 0s
177400K .......... .......... .......... .......... .......... 94%  131M 0s
177450K .......... .......... .......... .......... .......... 94%  141M 0s
177500K .......... .......... .......... .......... .......... 94%  115M 0s
177550K .......... .......... .......... .......... .......... 94%  129M 0s
177600K .......... .......... .......... .......... .......... 94%  128M 0s
177650K .......... .......... .......... .......... .......... 94%  135M 0s
177700K .......... .......... .......... .......... .......... 94%  125M 0s
177750K .......... .......... .......... .......... .......... 94%  131M 0s
177800K .......... .......... .......... .......... .......... 94%  133M 0s
177850K .......... .......... .......... .......... .......... 94%  129M 0s
177900K .......... .......... .......... .......... .......... 94%  114M 0s
177950K .......... .......... .......... .......... .......... 94%  127M 0s
178000K .......... .......... .......... .......... .......... 94%  130M 0s
178050K .......... .......... .......... .......... .......... 94%  116M 0s
178100K .......... .......... .......... .......... .......... 94%  116M 0s
178150K .......... .......... .......... .......... .......... 95%  132M 0s
178200K .......... .......... .......... .......... .......... 95%  135M 0s
178250K .......... .......... .......... .......... .......... 95%  132M 0s
178300K .......... .......... .......... .......... .......... 95%  117M 0s
178350K .......... .......... .......... .......... .......... 95%  130M 0s
178400K .......... .......... .......... .......... .......... 95%  122M 0s
178450K .......... .......... .......... .......... .......... 95%  130M 0s
178500K .......... .......... .......... .......... .......... 95%  120M 0s
178550K .......... .......... .......... .......... .......... 95%  142M 0s
178600K .......... .......... .......... .......... .......... 95%  132M 0s
178650K .......... .......... .......... .......... .......... 95%  132M 0s
178700K .......... .......... .......... .......... .......... 95%  105M 0s
178750K .......... .......... .......... .......... .......... 95%  138M 0s
178800K .......... .......... .......... .......... .......... 95%  135M 0s
178850K .......... .......... .......... .......... .......... 95%  132M 0s
178900K .......... .......... .......... .......... .......... 95%  116M 0s
178950K .......... .......... .......... .......... .......... 95%  139M 0s
179000K .......... .......... .......... .......... .......... 95%  125M 0s
179050K .......... .......... .......... .......... .......... 95%  134M 0s
179100K .......... .......... .......... .......... .......... 95%  109M 0s
179150K .......... .......... .......... .......... .......... 95%  129M 0s
179200K .......... .......... .......... .......... .......... 95%  138M 0s
179250K .......... .......... .......... .......... .......... 95%  129M 0s
179300K .......... .......... .......... .......... .......... 95%  127M 0s
179350K .......... .......... .......... .......... .......... 95%  127M 0s
179400K .......... .......... .......... .......... .......... 95%  129M 0s
179450K .......... .......... .......... .......... .......... 95%  131M 0s
179500K .......... .......... .......... .......... .......... 95%  113M 0s
179550K .......... .......... .......... .......... .......... 95%  134M 0s
179600K .......... .......... .......... .......... .......... 95%  141M 0s
179650K .......... .......... .......... .......... .......... 95%  143M 0s
179700K .......... .......... .......... .......... .......... 95%  122M 0s
179750K .......... .......... .......... .......... .......... 95%  146M 0s
179800K .......... .......... .......... .......... .......... 95%  148M 0s
179850K .......... .......... .......... .......... .......... 95%  143M 0s
179900K .......... .......... .......... .......... .......... 95%  119M 0s
179950K .......... .......... .......... .......... .......... 95%  144M 0s
180000K .......... .......... .......... .......... .......... 95%  155M 0s
180050K .......... .......... .......... .......... .......... 96%  153M 0s
180100K .......... .......... .......... .......... .......... 96%  138M 0s
180150K .......... .......... .......... .......... .......... 96% 95.3M 0s
180200K .......... .......... .......... .......... .......... 96%  143M 0s
180250K .......... .......... .......... .......... .......... 96%  155M 0s
180300K .......... .......... .......... .......... .......... 96%  124M 0s
180350K .......... .......... .......... .......... .......... 96%  149M 0s
180400K .......... .......... .......... .......... .......... 96%  149M 0s
180450K .......... .......... .......... .......... .......... 96%  151M 0s
180500K .......... .......... .......... .......... .......... 96%  134M 0s
180550K .......... .......... .......... .......... .......... 96%  150M 0s
180600K .......... .......... .......... .......... .......... 96%  154M 0s
180650K .......... .......... .......... .......... .......... 96%  146M 0s
180700K .......... .......... .......... .......... .......... 96%  125M 0s
180750K .......... .......... .......... .......... .......... 96%  154M 0s
180800K .......... .......... .......... .......... .......... 96%  158M 0s
180850K .......... .......... .......... .......... .......... 96%  148M 0s
180900K .......... .......... .......... .......... .......... 96%  137M 0s
180950K .......... .......... .......... .......... .......... 96%  148M 0s
181000K .......... .......... .......... .......... .......... 96%  153M 0s
181050K .......... .......... .......... .......... .......... 96%  157M 0s
181100K .......... .......... .......... .......... .......... 96%  122M 0s
181150K .......... .......... .......... .......... .......... 96%  143M 0s
181200K .......... .......... .......... .......... .......... 96%  141M 0s
181250K .......... .......... .......... .......... .......... 96%  155M 0s
181300K .......... .......... .......... .......... .......... 96%  135M 0s
181350K .......... .......... .......... .......... .......... 96%  149M 0s
181400K .......... .......... .......... .......... .......... 96%  148M 0s
181450K .......... .......... .......... .......... .......... 96%  143M 0s
181500K .......... .......... .......... .......... .......... 96%  126M 0s
181550K .......... .......... .......... .......... .......... 96%  151M 0s
181600K .......... .......... .......... .......... .......... 96%  146M 0s
181650K .......... .......... .......... .......... .......... 96%  145M 0s
181700K .......... .......... .......... .......... .......... 96%  135M 0s
181750K .......... .......... .......... .......... .......... 96%  145M 0s
181800K .......... .......... .......... .......... .......... 96%  147M 0s
181850K .......... .......... .......... .......... .......... 96%  148M 0s
181900K .......... .......... .......... .......... .......... 97%  127M 0s
181950K .......... .......... .......... .......... .......... 97%  154M 0s
182000K .......... .......... .......... .......... .......... 97%  162M 0s
182050K .......... .......... .......... .......... .......... 97%  278M 0s
182100K .......... .......... .......... .......... .......... 97%  258M 0s
182150K .......... .......... .......... .......... .......... 97%  276M 0s
182200K .......... .......... .......... .......... .......... 97%  276M 0s
182250K .......... .......... .......... .......... .......... 97%  287M 0s
182300K .......... .......... .......... .......... .......... 97%  200M 0s
182350K .......... .......... .......... .......... .......... 97%  263M 0s
182400K .......... .......... .......... .......... .......... 97%  289M 0s
182450K .......... .......... .......... .......... .......... 97%  243M 0s
182500K .......... .......... .......... .......... .......... 97%  252M 0s
182550K .......... .......... .......... .......... .......... 97%  235M 0s
182600K .......... .......... .......... .......... .......... 97%  261M 0s
182650K .......... .......... .......... .......... .......... 97%  274M 0s
182700K .......... .......... .......... .......... .......... 97%  212M 0s
182750K .......... .......... .......... .......... .......... 97%  277M 0s
182800K .......... .......... .......... .......... .......... 97%  291M 0s
182850K .......... .......... .......... .......... .......... 97%  281M 0s
182900K .......... .......... .......... .......... .......... 97%  257M 0s
182950K .......... .......... .......... .......... .......... 97%  280M 0s
183000K .......... .......... .......... .......... .......... 97%  292M 0s
183050K .......... .......... .......... .......... .......... 97%  288M 0s
183100K .......... .......... .......... .......... .......... 97%  232M 0s
183150K .......... .......... .......... .......... .......... 97%  295M 0s
183200K .......... .......... .......... .......... .......... 97%  287M 0s
183250K .......... .......... .......... .......... .......... 97%  266M 0s
183300K .......... .......... .......... .......... .......... 97%  258M 0s
183350K .......... .......... .......... .......... .......... 97%  281M 0s
183400K .......... .......... .......... .......... .......... 97%  294M 0s
183450K .......... .......... .......... .......... .......... 97%  270M 0s
183500K .......... .......... .......... .......... .......... 97%  233M 0s
183550K .......... .......... .......... .......... .......... 97%  289M 0s
183600K .......... .......... .......... .......... .......... 97%  287M 0s
183650K .......... .......... .......... .......... .......... 97%  291M 0s
183700K .......... .......... .......... .......... .......... 97%  253M 0s
183750K .......... .......... .......... .......... .......... 97%  291M 0s
183800K .......... .......... .......... .......... .......... 98%  276M 0s
183850K .......... .......... .......... .......... .......... 98%  297M 0s
183900K .......... .......... .......... .......... .......... 98%  241M 0s
183950K .......... .......... .......... .......... .......... 98%  284M 0s
184000K .......... .......... .......... .......... .......... 98%  284M 0s
184050K .......... .......... .......... .......... .......... 98%  291M 0s
184100K .......... .......... .......... .......... .......... 98%  253M 0s
184150K .......... .......... .......... .......... .......... 98%  284M 0s
184200K .......... .......... .......... .......... .......... 98%  289M 0s
184250K .......... .......... .......... .......... .......... 98%  295M 0s
184300K .......... .......... .......... .......... .......... 98%  950K 0s
184350K .......... .......... .......... .......... .......... 98% 71.3M 0s
184400K .......... .......... .......... .......... .......... 98%  203M 0s
184450K .......... .......... .......... .......... .......... 98%  289M 0s
184500K .......... .......... .......... .......... .......... 98%  246M 0s
184550K .......... .......... .......... .......... .......... 98%  263M 0s
184600K .......... .......... .......... .......... .......... 98%  188M 0s
184650K .......... .......... .......... .......... .......... 98%  265M 0s
184700K .......... .......... .......... .......... .......... 98%  148M 0s
184750K .......... .......... .......... .......... .......... 98%  123M 0s
184800K .......... .......... .......... .......... .......... 98% 70.5M 0s
184850K .......... .......... .......... .......... .......... 98%  121M 0s
184900K .......... .......... .......... .......... .......... 98%  118M 0s
184950K .......... .......... .......... .......... .......... 98%  132M 0s
185000K .......... .......... .......... .......... .......... 98%  132M 0s
185050K .......... .......... .......... .......... .......... 98%  131M 0s
185100K .......... .......... .......... .......... .......... 98%  107M 0s
185150K .......... .......... .......... .......... .......... 98%  129M 0s
185200K .......... .......... .......... .......... .......... 98%  135M 0s
185250K .......... .......... .......... .......... .......... 98%  130M 0s
185300K .......... .......... .......... .......... .......... 98%  116M 0s
185350K .......... .......... .......... .......... .......... 98%  130M 0s
185400K .......... .......... .......... .......... .......... 98%  127M 0s
185450K .......... .......... .......... .......... .......... 98%  129M 0s
185500K .......... .......... .......... .......... .......... 98%  109M 0s
185550K .......... .......... .......... .......... .......... 98%  133M 0s
185600K .......... .......... .......... .......... .......... 98%  135M 0s
185650K .......... .......... .......... .......... .......... 99%  121M 0s
185700K .......... .......... .......... .......... .......... 99%  123M 0s
185750K .......... .......... .......... .......... .......... 99%  118M 0s
185800K .......... .......... .......... .......... .......... 99%  125M 0s
185850K .......... .......... .......... .......... .......... 99%  124M 0s
185900K .......... .......... .......... .......... .......... 99%  104M 0s
185950K .......... .......... .......... .......... .......... 99%  121M 0s
186000K .......... .......... .......... .......... .......... 99%  125M 0s
186050K .......... .......... .......... .......... .......... 99%  129M 0s
186100K .......... .......... .......... .......... .......... 99%  120M 0s
186150K .......... .......... .......... .......... .......... 99%  138M 0s
186200K .......... .......... .......... .......... .......... 99%  142M 0s
186250K .......... .......... .......... .......... .......... 99%  134M 0s
186300K .......... .......... .......... .......... .......... 99%  117M 0s
186350K .......... .......... .......... .......... .......... 99%  135M 0s
186400K .......... .......... .......... .......... .......... 99%  137M 0s
186450K .......... .......... .......... .......... .......... 99%  145M 0s
186500K .......... .......... .......... .......... .......... 99%  121M 0s
186550K .......... .......... .......... .......... .......... 99%  139M 0s
186600K .......... .......... .......... .......... .......... 99%  139M 0s
186650K .......... .......... .......... .......... .......... 99%  142M 0s
186700K .......... .......... .......... .......... .......... 99%  115M 0s
186750K .......... .......... .......... .......... .......... 99%  143M 0s
186800K .......... .......... .......... .......... .......... 99%  140M 0s
186850K .......... .......... .......... .......... .......... 99%  130M 0s
186900K .......... .......... .......... .......... .......... 99%  126M 0s
186950K .......... .......... .......... .......... .......... 99%  138M 0s
187000K .......... .......... .......... .......... .......... 99%  141M 0s
187050K .......... .......... .......... .......... .......... 99%  144M 0s
187100K .......... .......... .......... .......... .......... 99%  116M 0s
187150K .......... .......... .......... .......... .......... 99%  143M 0s
187200K .......... .......... .......... .......... .......... 99%  140M 0s
187250K .......... .......... .......... .......... .......... 99%  139M 0s
187300K .......... .......... .......... .......... .......... 99%  125M 0s
187350K .......... .......... .......... .......... .......... 99%  138M 0s
187400K .......... .......... .......... .......... .......... 99%  140M 0s
187450K .......... .......... .......... .......... .......... 99%  142M 0s
187500K .......... .......... .......... .......... .......... 99%  118M 0s
187550K .......... .                                          100%  189M=2.5s

2026-04-22 14:55:00 (73.5 MB/s) - ‘/scratch/users/k25053715/MSc_research/0_project_env/nextflow_env/OpenJDK17U-jdk_x64_linux_hotspot_17.0.16_8.tar.gz’ saved [192062472/192062472]

==> Found JDK tarball:
    /scratch/users/k25053715/MSc_research/0_project_env/nextflow_env/OpenJDK17U-jdk_x64_linux_hotspot_17.0.16_8.tar.gz
==> Cleaning old JDK directory
==> Unpacking JDK 17
==> Checking Java
openjdk version "17.0.16" 2025-07-15
OpenJDK Runtime Environment Temurin-17.0.16+8 (build 17.0.16+8)
OpenJDK 64-Bit Server VM Temurin-17.0.16+8 (build 17.0.16+8, mixed mode, sharing)
==> Downloading Nextflow
Downloading nextflow dependencies. It may require a few seconds, please wait .. [KDownloading nextflow dependencies. It may require a few seconds, please wait .. [K
      N E X T F L O W
      version 25.10.4 build 11173
      created 10-02-2026 15:17 UTC (15:17 BST)
      cite doi:10.1038/nbt.3820
      http://nextflow.io


Nextflow installation completed. Please note:
- the executable file `nextflow` has been created in the folder: /scratch/users/k25053715/MSc_research/0_project_env/nextflow_env
- you may complete the installation by moving it to a directory in your $PATH

==> Verifying Nextflow
Downloading nextflow dependencies. It may require a few seconds, please wait .. [K
      N E X T F L O W
      version 25.10.4 build 11173
      created 10-02-2026 15:17 UTC (15:17 BST)
      cite doi:10.1038/nbt.3820
      http://nextflow.io


==> Installation complete
To use this environment, run:
  source /scratch/users/k25053715/MSc_research/0_project_env/nextflow_env/load_nextflow_env.sh

Then test:
  which java
  java -version
  which nextflow
  nextflow -version
  echo $NXF_HOME
