{
    "confidence_score": 0.36444026231765747,
    "ptm": 0.372647762298584,
    "iptm": 0.30648255348205566,
    "ligand_iptm": 0.30648255348205566,
    "protein_iptm": 0.0,
    "complex_plddt": 0.37892967462539673,
    "complex_iplddt": 0.18507276475429535,
    "complex_pde": 6.178109169006348,
    "complex_ipde": 10.856436729431152,
    "chains_ptm": {
        "0": 0.5280210375785828,
        "1": 0.770755410194397,
        "2": 0.7753757834434509,
        "3": 0.7687124609947205,
        "4": 0.7688509821891785,
        "5": 0.7713391780853271,
        "6": 0.7722564935684204,
        "7": 0.7651389837265015,
        "8": 0.7783541679382324,
        "9": 0.7807276844978333,
        "10": 0.7757343649864197,
        "11": 0.7770446538925171,
        "12": 0.7746702432632446,
        "13": 0.7718324065208435,
        "14": 0.7557873129844666,
        "15": 0.7777196764945984,
        "16": 0.7879054546356201,
        "17": 0.7832958698272705,
        "18": 0.7740089893341064,
        "19": 0.771081268787384,
        "20": 0.7780506610870361
    },
    "pair_chains_iptm": {
        "0": {
            "0": 0.5280210375785828,
            "1": 0.17538556456565857,
            "2": 0.17309971153736115,
            "3": 0.1841168999671936,
            "4": 0.1855282187461853,
            "5": 0.18333934247493744,
            "6": 0.17716464400291443,
            "7": 0.17845863103866577,
            "8": 0.17487744987010956,
            "9": 0.17751747369766235,
            "10": 0.17884594202041626,
            "11": 0.17371250689029694,
            "12": 0.1725587546825409,
            "13": 0.17356009781360626,
            "14": 0.17981860041618347,
            "15": 0.17454682290554047,
            "16": 0.17472213506698608,
            "17": 0.17191767692565918,
            "18": 0.17776694893836975,
            "19": 0.18102329969406128,
            "20": 0.17288286983966827
        },
        "1": {
            "0": 0.3202191889286041,
            "1": 0.770755410194397,
            "2": 0.349932998418808,
            "3": 0.2711421847343445,
            "4": 0.24029165506362915,
            "5": 0.2381610870361328,
            "6": 0.25894129276275635,
            "7": 0.2576763331890106,
            "8": 0.22798366844654083,
            "9": 0.2081431895494461,
            "10": 0.22585920989513397,
            "11": 0.211560919880867,
            "12": 0.23244033753871918,
            "13": 0.24648085236549377,
            "14": 0.23953218758106232,
            "15": 0.23415468633174896,
            "16": 0.1903839409351349,
            "17": 0.20364254713058472,
            "18": 0.2461877316236496,
            "19": 0.21793615818023682,
            "20": 0.20807871222496033
        },
        "2": {
            "0": 0.31092655658721924,
            "1": 0.3546392023563385,
            "2": 0.7753757834434509,
            "3": 0.27637869119644165,
            "4": 0.24028074741363525,
            "5": 0.2233200967311859,
            "6": 0.2537132799625397,
            "7": 0.2376653254032135,
            "8": 0.2340138703584671,
            "9": 0.21818412840366364,
            "10": 0.24290195107460022,
            "11": 0.22988569736480713,
            "12": 0.2476247251033783,
            "13": 0.2575228810310364,
            "14": 0.2490554004907608,
            "15": 0.25142619013786316,
            "16": 0.19053435325622559,
            "17": 0.20537692308425903,
            "18": 0.23797455430030823,
            "19": 0.22130247950553894,
            "20": 0.22129859030246735
        },
        "3": {
            "0": 0.29862290620803833,
            "1": 0.2800846993923187,
            "2": 0.28486281633377075,
            "3": 0.7687124609947205,
            "4": 0.3481425344944,
            "5": 0.26278001070022583,
            "6": 0.2548893392086029,
            "7": 0.24700811505317688,
            "8": 0.2191360741853714,
            "9": 0.23507258296012878,
            "10": 0.2478352189064026,
            "11": 0.23427531123161316,
            "12": 0.22896410524845123,
            "13": 0.2405993640422821,
            "14": 0.2672216296195984,
            "15": 0.24624095857143402,
            "16": 0.21154652535915375,
            "17": 0.206832155585289,
            "18": 0.2606945335865021,
            "19": 0.25413966178894043,
            "20": 0.22440403699874878
        },
        "4": {
            "0": 0.3147699534893036,
            "1": 0.24966654181480408,
            "2": 0.24756933748722076,
            "3": 0.35174089670181274,
            "4": 0.7688509821891785,
            "5": 0.33238959312438965,
            "6": 0.27487877011299133,
            "7": 0.25444361567497253,
            "8": 0.24320758879184723,
            "9": 0.24521805346012115,
            "10": 0.2490214705467224,
            "11": 0.23231904208660126,
            "12": 0.2390180379152298,
            "13": 0.24579092860221863,
            "14": 0.2767089903354645,
            "15": 0.2411298155784607,
            "16": 0.23258112370967865,
            "17": 0.22707228362560272,
            "18": 0.26561203598976135,
            "19": 0.27487316727638245,
            "20": 0.22888800501823425
        },
        "5": {
            "0": 0.3026414215564728,
            "1": 0.23398536443710327,
            "2": 0.21951407194137573,
            "3": 0.261030375957489,
            "4": 0.3252897262573242,
            "5": 0.7713391780853271,
            "6": 0.30729997158050537,
            "7": 0.28167083859443665,
            "8": 0.23752278089523315,
            "9": 0.22400064766407013,
            "10": 0.22045141458511353,
            "11": 0.20580771565437317,
            "12": 0.22254294157028198,
            "13": 0.2265332043170929,
            "14": 0.2498568296432495,
            "15": 0.21173399686813354,
            "16": 0.22449176013469696,
            "17": 0.23184633255004883,
            "18": 0.26312240958213806,
            "19": 0.24576804041862488,
            "20": 0.20674723386764526
        },
        "6": {
            "0": 0.31238874793052673,
            "1": 0.26976922154426575,
            "2": 0.25552403926849365,
            "3": 0.25453299283981323,
            "4": 0.283894419670105,
            "5": 0.31631022691726685,
            "6": 0.7722564935684204,
            "7": 0.36486807465553284,
            "8": 0.25916606187820435,
            "9": 0.21543657779693604,
            "10": 0.22135698795318604,
            "11": 0.20596159994602203,
            "12": 0.23804427683353424,
            "13": 0.2513478100299835,
            "14": 0.25749120116233826,
            "15": 0.21942415833473206,
            "16": 0.2030285745859146,
            "17": 0.22504805028438568,
            "18": 0.27438482642173767,
            "19": 0.2311769276857376,
            "20": 0.2066136598587036
        },
        "7": {
            "0": 0.2915566861629486,
            "1": 0.2618502378463745,
            "2": 0.2349533885717392,
            "3": 0.2424042969942093,
            "4": 0.26102328300476074,
            "5": 0.28946736454963684,
            "6": 0.36155402660369873,
            "7": 0.7651389837265015,
            "8": 0.2559024691581726,
            "9": 0.20541499555110931,
            "10": 0.20961306989192963,
            "11": 0.19652779400348663,
            "12": 0.2218879610300064,
            "13": 0.233380526304245,
            "14": 0.23927293717861176,
            "15": 0.20622679591178894,
            "16": 0.20179110765457153,
            "17": 0.2187119424343109,
            "18": 0.25875863432884216,
            "19": 0.22147849202156067,
            "20": 0.19616763293743134
        },
        "8": {
            "0": 0.3352763056755066,
            "1": 0.22393780946731567,
            "2": 0.23564554750919342,
            "3": 0.2191997468471527,
            "4": 0.2463485151529312,
            "5": 0.24085159599781036,
            "6": 0.2665939927101135,