{
    "confidence_score": 0.3696267008781433,
    "ptm": 0.34655895829200745,
    "iptm": 0.3101331889629364,
    "ligand_iptm": 0.3101331889629364,
    "protein_iptm": 0.0,
    "complex_plddt": 0.38450005650520325,
    "complex_iplddt": 0.19766642153263092,
    "complex_pde": 6.354642391204834,
    "complex_ipde": 11.25333309173584,
    "chains_ptm": {
        "0": 0.4837062656879425,
        "1": 0.7728806138038635,
        "2": 0.777923047542572,
        "3": 0.7746708393096924,
        "4": 0.7686747312545776,
        "5": 0.7611367702484131,
        "6": 0.7698525786399841,
        "7": 0.7648777365684509,
        "8": 0.7677958607673645,
        "9": 0.7674540281295776,
        "10": 0.7600834369659424,
        "11": 0.7736927270889282,
        "12": 0.7762656807899475,
        "13": 0.7738975286483765,
        "14": 0.7779135704040527,
        "15": 0.770798921585083,
        "16": 0.778407633304596,
        "17": 0.7737419009208679,
        "18": 0.7763204574584961,
        "19": 0.7824012637138367,
        "20": 0.7732241749763489
    },
    "pair_chains_iptm": {
        "0": {
            "0": 0.4837062656879425,
            "1": 0.17886456847190857,
            "2": 0.17689640820026398,
            "3": 0.17546135187149048,
            "4": 0.17673683166503906,
            "5": 0.17905224859714508,
            "6": 0.17599540948867798,
            "7": 0.1753862500190735,
            "8": 0.17644569277763367,
            "9": 0.18107666075229645,
            "10": 0.17873431742191315,
            "11": 0.17872299253940582,
            "12": 0.1746966689825058,
            "13": 0.1728813350200653,
            "14": 0.17803995311260223,
            "15": 0.17543137073516846,
            "16": 0.1786426305770874,
            "17": 0.17983894050121307,
            "18": 0.17554998397827148,
            "19": 0.17249542474746704,
            "20": 0.1736598163843155
        },
        "1": {
            "0": 0.3380955457687378,
            "1": 0.7728806138038635,
            "2": 0.3958221971988678,
            "3": 0.3226870894432068,
            "4": 0.24350354075431824,
            "5": 0.22843500971794128,
            "6": 0.21683737635612488,
            "7": 0.27321821451187134,
            "8": 0.2617058753967285,
            "9": 0.26694032549858093,
            "10": 0.25301215052604675,
            "11": 0.2773992717266083,
            "12": 0.2382912039756775,
            "13": 0.25656235218048096,
            "14": 0.28066879510879517,
            "15": 0.2719818949699402,
            "16": 0.24051415920257568,
            "17": 0.27180734276771545,
            "18": 0.2548094689846039,
            "19": 0.25161945819854736,
            "20": 0.2498418092727661
        },
        "2": {
            "0": 0.31229063868522644,
            "1": 0.3883838653564453,
            "2": 0.777923047542572,
            "3": 0.3447158932685852,
            "4": 0.23956915736198425,
            "5": 0.2189435064792633,
            "6": 0.21047228574752808,
            "7": 0.26595643162727356,
            "8": 0.25335177779197693,
            "9": 0.25262829661369324,
            "10": 0.2416619509458542,
            "11": 0.26641201972961426,
            "12": 0.22940661013126373,
            "13": 0.2504848837852478,
            "14": 0.2677937150001526,
            "15": 0.2627027928829193,
            "16": 0.22624193131923676,
            "17": 0.2576826512813568,
            "18": 0.2526085674762726,
            "19": 0.25558218359947205,
            "20": 0.2519840896129608
        },
        "3": {
            "0": 0.3192387819290161,
            "1": 0.31261077523231506,
            "2": 0.3469110131263733,
            "3": 0.7746708393096924,
            "4": 0.24233528971672058,
            "5": 0.2163703739643097,
            "6": 0.2059161216020584,
            "7": 0.24534736573696136,
            "8": 0.23001696169376373,
            "9": 0.2446742057800293,
            "10": 0.23934614658355713,
            "11": 0.24755899608135223,
            "12": 0.23602606356143951,
            "13": 0.24715390801429749,
            "14": 0.2621147036552429,
            "15": 0.26868927478790283,
            "16": 0.219140887260437,
            "17": 0.24065829813480377,
            "18": 0.2281699776649475,
            "19": 0.2314668446779251,
            "20": 0.23742790520191193
        },
        "4": {
            "0": 0.3024847209453583,
            "1": 0.24010789394378662,
            "2": 0.23533520102500916,
            "3": 0.24904181063175201,
            "4": 0.7686747312545776,
            "5": 0.3444005250930786,
            "6": 0.2777782678604126,
            "7": 0.2164546102285385,
            "8": 0.22010459005832672,
            "9": 0.23715946078300476,
            "10": 0.2216649055480957,
            "11": 0.22741785645484924,
            "12": 0.25154078006744385,
            "13": 0.25294676423072815,
            "14": 0.23804710805416107,
            "15": 0.2312171757221222,
            "16": 0.23570086061954498,
            "17": 0.24346664547920227,
            "18": 0.21950969099998474,
            "19": 0.20501631498336792,
            "20": 0.25321391224861145
        },
        "5": {
            "0": 0.297154039144516,
            "1": 0.23235610127449036,
            "2": 0.21876168251037598,
            "3": 0.22341875731945038,
            "4": 0.3525998592376709,
            "5": 0.7611367702484131,
            "6": 0.34948500990867615,
            "7": 0.21237152814865112,
            "8": 0.22055862843990326,
            "9": 0.2363390177488327,
            "10": 0.2186301350593567,
            "11": 0.2228344827890396,
            "12": 0.23907488584518433,
            "13": 0.24318048357963562,
            "14": 0.2285628765821457,
            "15": 0.2170029729604721,
            "16": 0.239957794547081,
            "17": 0.24048393964767456,
            "18": 0.22024062275886536,
            "19": 0.20574431121349335,
            "20": 0.23732352256774902
        },
        "6": {
            "0": 0.29394662380218506,
            "1": 0.22698162496089935,
            "2": 0.213687002658844,
            "3": 0.21241973340511322,
            "4": 0.27400580048561096,
            "5": 0.3477769196033478,
            "6": 0.7698525786399841,
            "7": 0.21614868938922882,
            "8": 0.2226136475801468,
            "9": 0.232695072889328,
            "10": 0.21681317687034607,
            "11": 0.2196969836950302,
            "12": 0.2258283644914627,
            "13": 0.2271164208650589,
            "14": 0.22259505093097687,
            "15": 0.2074090838432312,
            "16": 0.23604360222816467,
            "17": 0.23836687207221985,
            "18": 0.22342722117900848,
            "19": 0.20861245691776276,
            "20": 0.22659605741500854
        },
        "7": {
            "0": 0.28254079818725586,
            "1": 0.25752633810043335,
            "2": 0.249778613448143,
            "3": 0.23324373364448547,
            "4": 0.21842515468597412,
            "5": 0.21166262030601501,
            "6": 0.21491149067878723,
            "7": 0.7648777365684509,
            "8": 0.35050129890441895,
            "9": 0.2666195333003998,
            "10": 0.2303585410118103,
            "11": 0.2596190869808197,
            "12": 0.20430853962898254,
            "13": 0.21638621389865875,
            "14": 0.23866987228393555,
            "15": 0.2263043224811554,
            "16": 0.22925135493278503,
            "17": 0.25149229168891907,
            "18": 0.25249406695365906,
            "19": 0.2584613561630249,
            "20": 0.23408165574073792
        },
        "8": {
            "0": 0.30667221546173096,
            "1": 0.26144862174987793,
            "2": 0.24977363646030426,
            "3": 0.23067228496074677,
            "4": 0.22917906939983368,
            "5": 0.22548045217990875,
            "6": 0.22535671293735504,