{
    "confidence_score": 0.3739315867424011,
    "ptm": 0.3618023991584778,
    "iptm": 0.33044978976249695,
    "ligand_iptm": 0.33044978976249695,
    "protein_iptm": 0.0,
    "complex_plddt": 0.3848020136356354,
    "complex_iplddt": 0.1896740049123764,
    "complex_pde": 6.225728988647461,
    "complex_ipde": 11.03235149383545,
    "chains_ptm": {
        "0": 0.5077890157699585,
        "1": 0.7802528142929077,
        "2": 0.7720133662223816,
        "3": 0.7584663033485413,
        "4": 0.7771165370941162,
        "5": 0.767279326915741,
        "6": 0.776168704032898,
        "7": 0.77314692735672,
        "8": 0.7764291167259216,
        "9": 0.7755841016769409,
        "10": 0.7749587893486023,
        "11": 0.7636470794677734,
        "12": 0.770875096321106,
        "13": 0.7746703624725342,
        "14": 0.7687501311302185,
        "15": 0.7755130529403687,
        "16": 0.772545576095581,
        "17": 0.7784438133239746,
        "18": 0.7791963219642639,
        "19": 0.7765602469444275,
        "20": 0.7729831337928772
    },
    "pair_chains_iptm": {
        "0": {
            "0": 0.5077890157699585,
            "1": 0.1791936755180359,
            "2": 0.18289445340633392,
            "3": 0.18156929314136505,
            "4": 0.17393633723258972,
            "5": 0.1736283302307129,
            "6": 0.17346283793449402,
            "7": 0.17733894288539886,
            "8": 0.1737227886915207,
            "9": 0.17131556570529938,
            "10": 0.17277659475803375,
            "11": 0.17427584528923035,
            "12": 0.17205587029457092,
            "13": 0.18204891681671143,
            "14": 0.1814391165971756,
            "15": 0.1785111427307129,
            "16": 0.17735697329044342,
            "17": 0.17260943353176117,
            "18": 0.17183195054531097,
            "19": 0.17592866718769073,
            "20": 0.17834587395191193
        },
        "1": {
            "0": 0.36295562982559204,
            "1": 0.7802528142929077,
            "2": 0.35430747270584106,
            "3": 0.27603739500045776,
            "4": 0.2242683321237564,
            "5": 0.22507746517658234,
            "6": 0.25477373600006104,
            "7": 0.2468709498643875,
            "8": 0.2377050817012787,
            "9": 0.22188887000083923,
            "10": 0.2042667269706726,
            "11": 0.24634675681591034,
            "12": 0.2480197697877884,
            "13": 0.25763317942619324,
            "14": 0.2661132514476776,
            "15": 0.26332783699035645,
            "16": 0.2649873197078705,
            "17": 0.26191434264183044,
            "18": 0.205692857503891,
            "19": 0.2218969464302063,
            "20": 0.2358155995607376
        },
        "2": {
            "0": 0.37456008791923523,
            "1": 0.3644670844078064,
            "2": 0.7720133662223816,
            "3": 0.37740209698677063,
            "4": 0.27284693717956543,
            "5": 0.26307326555252075,
            "6": 0.2772872745990753,
            "7": 0.27973535656929016,
            "8": 0.26678597927093506,
            "9": 0.25015342235565186,
            "10": 0.22426314651966095,
            "11": 0.2537161409854889,
            "12": 0.24957029521465302,
            "13": 0.27743712067604065,
            "14": 0.2728763520717621,
            "15": 0.25761446356773376,
            "16": 0.25173670053482056,
            "17": 0.2594797611236572,
            "18": 0.22988809645175934,
            "19": 0.25271883606910706,
            "20": 0.27003389596939087
        },
        "3": {
            "0": 0.3630583584308624,
            "1": 0.28730103373527527,
            "2": 0.3772137463092804,
            "3": 0.7584663033485413,
            "4": 0.32082855701446533,
            "5": 0.29361268877983093,
            "6": 0.2704063057899475,
            "7": 0.29268863797187805,
            "8": 0.26573044061660767,
            "9": 0.2550700902938843,
            "10": 0.2404186874628067,
            "11": 0.2748112976551056,
            "12": 0.2439630925655365,
            "13": 0.28575366735458374,
            "14": 0.26150089502334595,
            "15": 0.2517588436603546,
            "16": 0.24202367663383484,
            "17": 0.2502921223640442,
            "18": 0.24955403804779053,
            "19": 0.2720606029033661,
            "20": 0.2889505922794342
        },
        "4": {
            "0": 0.3179524838924408,
            "1": 0.2275257408618927,
            "2": 0.286361426115036,
            "3": 0.31428271532058716,
            "4": 0.7771165370941162,
            "5": 0.36308225989341736,
            "6": 0.2669593095779419,
            "7": 0.27499884366989136,
            "8": 0.2742284834384918,
            "9": 0.26397544145584106,
            "10": 0.2362678050994873,
            "11": 0.2489398717880249,
            "12": 0.23133210837841034,
            "13": 0.2428857386112213,
            "14": 0.22336798906326294,
            "15": 0.213025763630867,
            "16": 0.20717020332813263,
            "17": 0.23733437061309814,
            "18": 0.255185604095459,
            "19": 0.2750551700592041,
            "20": 0.2755727767944336
        },
        "5": {
            "0": 0.3127134442329407,
            "1": 0.22532762587070465,
            "2": 0.2719855308532715,
            "3": 0.28450581431388855,
            "4": 0.37612783908843994,
            "5": 0.767279326915741,
            "6": 0.3036726713180542,
            "7": 0.302499920129776,
            "8": 0.2837817072868347,
            "9": 0.2791750133037567,
            "10": 0.22934545576572418,
            "11": 0.24272994697093964,
            "12": 0.22487401962280273,
            "13": 0.2392183095216751,
            "14": 0.22491584718227386,
            "15": 0.21168524026870728,
            "16": 0.20737196505069733,
            "17": 0.23563013970851898,
            "18": 0.24765847623348236,
            "19": 0.26733139157295227,
            "20": 0.27086055278778076
        },
        "6": {
            "0": 0.33804476261138916,
            "1": 0.2551981210708618,
            "2": 0.27639931440353394,
            "3": 0.26371851563453674,
            "4": 0.27719080448150635,
            "5": 0.311713308095932,
            "6": 0.776168704032898,
            "7": 0.34418779611587524,
            "8": 0.31059470772743225,
            "9": 0.27591148018836975,
            "10": 0.2060232013463974,
            "11": 0.23421762883663177,
            "12": 0.2484835386276245,
            "13": 0.2465423196554184,
            "14": 0.24261367321014404,
            "15": 0.2302549034357071,
            "16": 0.22811606526374817,
            "17": 0.2617248296737671,
            "18": 0.21748244762420654,
            "19": 0.24439142644405365,
            "20": 0.2569930851459503
        },
        "7": {
            "0": 0.34537142515182495,
            "1": 0.254149466753006,
            "2": 0.2835639417171478,
            "3": 0.29173243045806885,
            "4": 0.2803952991962433,
            "5": 0.3124844431877136,
            "6": 0.3564552664756775,
            "7": 0.77314692735672,
            "8": 0.38139984011650085,
            "9": 0.3041009306907654,
            "10": 0.22084635496139526,
            "11": 0.24405740201473236,
            "12": 0.23921380937099457,
            "13": 0.25835809111595154,
            "14": 0.2447453886270523,
            "15": 0.23087041079998016,
            "16": 0.22561785578727722,
            "17": 0.2571333944797516,
            "18": 0.2347477525472641,
            "19": 0.26311156153678894,
            "20": 0.279605507850647
        },
        "8": {
            "0": 0.3248980641365051,
            "1": 0.24039003252983093,
            "2": 0.269243061542511,
            "3": 0.2581113576889038,
            "4": 0.27269259095191956,
            "5": 0.28215616941452026,
            "6": 0.3083887994289398,
            "7": 0.3670796751976013,